Z_Score,Beta,ADF_Stat,RSI_A,RSI_B,Volatility_A,Spread_Momentum,Spread_Dist_MA,Correlation,Volume_Factor,Is_Opening,Is_Closing,Z_Velocity,Signal_Dir,Label
-2.104055968894982,3.2954148883688523,-3.0,45.42124542124545,65.75342465753354,0.0020413624374020535,-7.754497866042584,-8.404956377205645,-0.16368206005729835,0.627124709250313,1,0,-1.6107265597121019,-1,0
-2.5295775835747816,3.2855770187582136,-3.0,54.57413249211366,79.0909090909089,0.002391233160463937,-6.4568271431439825,-8.342404161902232,0.31122740040706354,1.4594413967865,1,0,-1.1770257813022855,-1,1
-2.89392672868159,3.273411890304791,-3.0,47.01086956521736,79.18552036199046,0.002520873597286632,-6.9456941616067525,-10.599934439180378,0.03233461866958414,1.2268830538631583,0,0,-1.2154964782811783,-1,1
-2.214811564547773,3.27568127245707,-3.0,51.612903225806384,80.08658008657962,0.002647619047619056,1.2967506002971732,-5.525094177549545,0.17946497108553766,1.1739291772688718,0,0,0.21741926232527395,-1,1
2.0605313951866853,3.311616140082367,-3.0,74.31192660550417,39.76608187134498,0.001526445767616639,6.131161614007851,5.312181810429456,-0.6203928445511605,2.6141749692539418,0,0,1.5807783166870952,1,0
2.165719693850908,3.3170601534844044,-3.0,76.27118644067775,37.57575757575785,0.001622259364860891,3.1000000000001364,6.356094436836156,-0.6235496276569991,3.5957723536171127,0,0,0.7627416520211189,1,1
2.6509297804674516,3.3106122486849663,-3.0,68.82352941176455,50.0,0.0014820628486086431,9.110612248684902,5.239395919579238,-0.11543319992632171,1.245653176452992,1,0,2.4111261149638326,1,1
2.387337963549243,3.3152652783152363,-3.0,42.71844660194166,30.898876404494942,0.002293525290040982,7.223395903073424,3.912754264302748,0.8042768425575718,2.1247211066488174,0,0,1.3684376541681664,1,0
2.9388651300127084,3.3255520611297635,-3.0,45.3074433656956,26.570048309179484,0.0024571153007095885,5.788328091694666,7.6815836123058485,0.7171532110248087,0.8444779027544063,0,0,1.0362735714031335,1,0
3.146995321082552,3.3402555487681767,-3.0,43.365695792880324,15.983606557377215,0.0024579054969793134,8.251677204236103,12.261804978619967,0.6084751032899123,0.3964622018833055,0,0,1.477282363929732,1,1
2.062241043912927,3.3366714785780918,-3.0,43.76811594202901,22.69230769230785,0.0027373869631467404,4.468836461075625,4.150438770793289,0.5861838078270833,0.8131679934033175,0,0,0.7317393035679367,1,1
-2.514582206620916,3.2794446430221433,-3.0,51.72413793103421,63.959390862944296,0.0009847196039664676,-9.882445000462212,-7.164478178904756,-0.18116201095339418,0.7897970216739568,0,0,-3.484993199155436,-1,0
-2.308248638452493,3.2773171909836996,-3.0,25.581395348836693,53.744493392070574,0.00134270017389698,-6.061341404508312,-4.468063341590278,-0.05650349006949342,4.293561955547383,0,1,-1.735353367343898,-1,0
-2.3269237067850344,3.273095683580314,-3.0,32.27513227513204,65.91928251121043,0.001353003128819737,-2.391369604475358,-4.167350093551841,-0.1900355631340697,2.8905604232104483,0,1,-0.6804710256637191,-1,1
-2.1713114938595424,3.26133708307196,-3.0,52.71084337349391,67.03601108033206,0.0023805696527123966,-4.753342707680076,-7.339691474200345,0.3783709572404871,0.8139779664584942,0,0,-0.8733175578414833,-1,1
-2.0450753856017165,3.254445339551688,-3.0,40.151515151515184,57.603686635944584,0.0020492748719683875,-3.97633360186569,-5.259411496007351,0.35877471203557315,1.1015649718889187,0,0,-0.8271719231221324,-1,1
-2.190807952402007,3.2509206764891627,-3.0,33.10580204778152,65.78947368421052,0.0021266759130836904,-2.0119936279306785,-5.412435552645638,0.37013585309129127,1.3819042485881001,0,0,-0.4070507339744131,-1,1
2.701466347877658,3.2874671634682637,-3.0,44.486692015209464,28.84615384615438,0.001880507199656127,15.021121937526232,9.832278788962048,-0.3049299137538423,0.5172413793103449,1,0,3.3380270972280632,1,1
2.719335246884277,3.2941590204853908,-3.0,52.5362318840581,28.70813397129251,0.0021152667075413785,3.7882477061452846,10.38715687855015,-0.5232475790998748,1.2084862314594962,1,0,0.7664084954629209,1,1
-2.2136000836698444,3.2537478108376483,-3.0,25.2505010020039,42.55319148936162,0.0029049617993629384,-10.437312609458559,-9.310438704039507,0.7276291998148384,3.108166761850371,0,0,-1.6492367554449165,-1,1
-2.4647880824561947,3.235200948536499,-3.0,42.682926829268354,60.515021459226986,0.003269452854333788,-6.905602845609565,-9.435010883550968,0.3566879316646079,1.4338341025184536,0,0,-0.9885321046884838,-1,0
-2.522013371294113,3.2289754593419446,-3.0,34.52380952380935,59.64912280701747,0.003197010912047032,-3.5228975459342564,-8.389774292706306,0.07329422792243112,0.2916066617514315,0,0,-0.5148284513891388,-1,0
-2.2614676169693726,3.2266620242239066,-3.0,28.070175438596365,55.15695067264554,0.0032798434442270134,-1.3093351903103212,-6.861060910037622,-0.1545379700117898,1.0470191762010523,0,0,-0.1874303953409454,-1,0
2.9142092889987192,3.250791945217146,-3.0,88.14814814814798,55.27950310558968,0.002279305914586022,10.736826846565691,7.984002149026492,0.04165387578445292,0.8143402164785538,0,0,2.0619420555818797,1,1
2.9826803253372813,3.2691215025979496,-3.0,79.6178343949046,49.39024390243888,0.0029728210223115797,14.822945803117818,13.131104676169253,0.4143520096085152,1.2797732669871815,0,0,2.275452206618951,1,1
2.073013012840825,3.2627867931566144,-3.0,71.84466019417475,48.79518072289129,0.003281853281853308,-3.5948852827375504,6.025996642114615,0.3649133288337946,1.1564589132463046,0,0,-0.5083676157406603,1,1
3.3949177166173987,3.262888500528012,-3.0,82.46268656716398,42.58064516128952,0.0018875047187618145,15.026288850052879,12.113711149947312,-0.1477049896531043,8.628358714043992,0,0,3.339175300011727,1,0
3.492709345219668,3.289938931822435,-3.0,83.95904436860063,29.20353982300844,0.0020611420880600026,15.37277404774295,21.502124734330437,-0.6729442245752537,2.611025422010287,0,1,3.183710601603553,1,1
2.270599051024185,3.2795606877734937,-3.0,67.95580110497224,28.44827586206837,0.0024555984555984693,-5.860219656113259,10.482879753822454,-0.688722209828955,3.341165833477893,0,1,-1.057256123525583,1,0
2.4543884714086435,3.295514478266986,-3.0,73.87387387387375,30.13698630136922,0.002674248828094996,9.0,12.851926060880578,-0.7775560060130984,1.7119504422314915,0,1,1.5071770334928165,1,1
2.1792142726510955,3.306692756733452,-3.0,33.9999999999994,17.361111111111,0.0010877054447205696,3.3413581188970056,3.4997596843008525,-0.12148525559520061,2.308137133415944,0,0,1.1111404670916372,1,0
2.72696524370087,3.3158694453336444,-3.0,60.19417475728138,16.447368421052573,0.001116977281686987,5.121108611733234,6.485360723306894,-0.81214010348699,2.4126880669165174,0,0,1.6712242555772758,1,0
2.1478019096325824,3.3148497412261526,-3.0,67.39130434782712,20.1612903225805,0.0013379323145455634,-0.5685150258771046,3.910770777454536,-0.8582752780871803,4.122666818882356,0,0,-0.16376976054073003,1,0
2.7649898168324323,3.330941829892592,-3.0,88.23529411764777,25.19083969465632,0.001788117669678908,8.967623268042871,9.559497784277482,-0.6248570693184708,1.43280898043178,0,0,2.075152491778516,1,1
2.03161767901143,3.3351370068728903,-3.0,53.90625000000001,36.36363636363674,0.002101522058255431,1.332702047594239,4.920162330618541,0.5033495161710375,0.819504235522844,0,0,0.2727752728994053,1,1
2.5164036663937366,3.341443428573054,-3.0,59.31034482758636,40.82840236686447,0.0020496224379719544,3.4963504571419435,6.210738102856522,0.2703590205193695,2.023500103799045,0,0,0.7284063452379044,1,1
-2.228707180546314,3.3054322286812643,-3.0,69.97245179063376,86.59217877094835,0.002601600985221689,-6.187444502906601,-6.815637243603123,0.7064079285447828,1.4238071082425827,0,1,-1.0615713607927943,-1,1
-2.1407776454424017,3.3002846810946185,-3.0,66.6666666666669,89.59276018099483,0.0028995985171284184,-6.895612064353372,-7.286518119592074,0.5614977489051871,0.8657666465583591,1,0,-1.0798497639926916,-1,1
2.171853901605394,3.348334508264021,-3.0,57.19063545150497,27.89473684210502,0.0021697388632872417,5.592168664049041,7.60250176239615,-0.4421477024475111,0.3218175767442279,0,0,1.1105015786764088,1,1
-2.0520503013264606,3.3127319829829793,-3.0,66.5499124343257,93.79562043795534,0.0040245202558635415,-3.9003711727723385,-5.896737164264141,0.8673319121300594,1.6663997787256344,0,0,-0.4561837628973493,-1,1
-2.2043939482245936,3.3057591021880377,-3.0,69.34306569343056,94.0140845070414,0.004077930393158232,-3.9487434164225306,-6.9470574762011434,0.8453102890149105,1.6912269618479963,0,0,-0.45687940355301915,-1,1
-2.488671286249864,3.2741716974700528,-3.0,58.6345381526104,86.20689655172414,0.002311025150959058,-12.503972168042537,-9.516078338130592,0.8259639213216596,1.6611526213399748,0,1,-2.343448599097663,-1,1
-2.10122023599283,3.2754845191179522,-3.0,36.25377643504541,59.5238095238098,0.002985588134103008,-4.675484519118072,-9.343032971029833,0.17215391204080097,0.8256910803600107,0,0,-0.7107142591493223,-1,1
2.8510530053767957,3.307228392480204,-3.0,64.34782608695662,41.02564102564087,0.003256493854372364,9.43011974947217,10.102167649261219,-0.25278979490341247,0.9147370435448235,0,0,1.3322066245470219,1,1
2.253705840147057,3.3068272506934075,-3.0,65.2542372881359,41.52542372881353,0.003366385114457102,-0.22670681267322834,6.748192700832169,-0.43274892354474764,0.579932196413156,0,0,-0.031116621347305782,1,1
2.2605615247300266,3.3245964581392085,-3.0,76.85185185185192,36.7021276595746,0.003587788582994717,12.129838583255832,10.265443504139466,-0.23666330957021275,3.1344812864664866,0,0,1.5680308417874582,1,0
2.411272162610741,3.3362279224529128,-3.0,77.74480712166175,27.11864406779722,0.0034684011202100722,6.568113961226118,12.408027123552666,-0.44717024493059226,1.927699416012899,0,0,0.8724250043374361,1,1
2.1482394962764126,3.3380157482143713,-3.0,86.84719535783337,63.90041493775936,0.004475088299391286,1.0085165344642064,9.662159999303459,0.7058992233510019,14.224213087122942,0,0,0.10607987590156967,1,1
-2.0861318807683045,3.291405123682403,-3.0,53.77358490566038,65.56603773584882,0.004109796784956033,-9.545074858679072,-8.405997116626986,-0.17399402175619882,0.16422820591640122,0,0,-1.0917569282802833,-1,0
-2.23963049505367,3.2834264256627272,-3.0,18.06020066889657,62.564102564102285,0.0028859263747917085,-4.566852851325393,-10.543009246438805,-0.19907254157453588,0.6836355135688895,0,0,-0.7088241676114779,-1,0
-2.720982815461571,3.253081686632489,-3.0,43.01075268817173,74.58823529411748,0.002138013501649874,-21.58360955343278,-15.801579474082882,0.2622795503962545,0.35218516039903097,0,0,-4.286106861674581,-1,1
-2.3767603056298756,3.237642697349041,-3.0,23.529411764705742,65.18650088809933,0.002479124170123692,-17.93222460850484,-16.785589619690608,-0.2155387528169271,4.247933026074262,0,1,-3.18189029808704,-1,0
-2.490559837108182,3.2215987511168955,-3.0,19.814241486067857,68.23734729493894,0.0031528943033367796,-9.265918501340593,-20.168260515616204,-0.4459528240296598,3.162769322267579,0,1,-1.3470701871107826,-1,0
-2.273698215591886,3.2134294962799683,-3.0,40.867579908675744,71.99999999999993,0.003624733475479746,-4.727818956213696,-16.829353898572528,-0.47338091818617684,0.8826594524037601,1,0,-0.6061306354120121,-1,0
-2.377882595231945,3.19312774710837,-3.0,29.15309446254068,65.2866242038217,0.0043470573765451125,-11.852370055205029,-19.514407032597454,-0.6124136397461244,2.1402384457723507,1,0,-1.305532500179939,-1,1
-2.0145507173139676,3.192791870653218,-3.0,23.981900452488574,58.73015873015873,0.004417267852320521,-0.1951370716283236,-10.963604064673472,-0.6034601712013006,1.4416618548889564,1,0,-0.02126007006067335,-1,1
2.6130259661954294,3.2514829375837677,-3.0,52.59938837920496,31.399317406143552,0.002751593744891827,14.591281490838355,10.178173486429069,0.23309099804499928,0.9669915623727298,1,0,2.4117820646013928,1,0
2.4703358827981137,3.2574562249262087,-3.0,58.77659574468075,32.094594594594696,0.0030196939939916437,3.3712718875369774,9.711223783163632,-0.12287603918950418,0.625433780142317,1,0,0.5141373248967096,1,1
2.0596950964767595,3.256722003781,-3.0,50.82742316784876,27.129337539432044,0.0032269365511872093,-0.41491699432845053,6.132906247259507,-0.19953120820907705,0.45886471933971207,1,0,-0.059946727766752764,1,1
2.085619919489233,3.2671180314487533,-3.0,49.187935034802734,26.332288401253948,0.003298142747984447,6.574642291201826,5.343205143968544,-0.13289357462868245,0.3623507149911611,0,0,0.9335191894201428,1,1
2.0717807973936964,3.271086284841799,-3.0,40.70796460177046,24.63054187192124,0.0014554961563975476,3.607531970599439,5.72662942726256,0.6591707786024381,0.7628393437975003,0,0,0.9845116488965339,1,0
2.2997152736603885,3.2828325498554434,-3.0,49.152542372881165,18.947368421052374,0.0015448232815791314,4.531823942304754,5.405360405267174,0.38335179342851694,5.691987332937248,0,1,1.1836853580646867,1,1
2.631860494339642,3.299882052861651,-3.0,31.49606299212587,12.184873949579398,0.0018479305521913215,10.774557698231092,9.924569492944965,0.521821512617651,0.8481596737847409,1,0,2.460747272026697,1,1
2.0946912925436507,3.3040212440187555,-3.0,56.82656826568235,42.603550295858035,0.0020787932180337406,3.573619119616751,7.184675265071109,-0.08377409650663194,0.3732012267044114,0,0,0.7379154524282333,1,0
2.017519110861859,3.305724405010827,-3.0,47.98387096774191,29.60526315789464,0.0019249650182060014,1.800000000000182,3.083751256159121,-0.32455521091747636,0.2715734240941644,0,0,0.39498432601884753,1,0
2.1813789317504813,3.312971138674631,-3.0,57.34597156398102,22.994652406417742,0.0017392314843508027,8.219833618951498,4.972201700122741,-0.1164625124384159,0.953870817603558,0,0,1.9537804866777646,1,0
-2.2824678160986274,3.2883428338911056,-3.0,67.43515850144155,72.20338983050797,0.0025322195153816038,-6.468708469120884,-5.520610179221103,0.9034744005627157,2.9679220557233204,1,0,-1.133440783074997,-1,0
-2.3089014160864574,3.2820063213528985,-3.0,57.93650793650809,70.89552238805982,0.002934733984296689,-8.512802528541215,-5.058996839323572,0.9370083624558344,0.9896505578563114,0,0,-1.3227440110940758,-1,1
-2.156478289345657,3.2756037604863217,-3.0,54.94071146245065,67.69759450171833,0.002362326101198538,-12.329975417994092,-7.685862040498568,0.7316155325736046,0.37833850693057136,0,0,-2.2924257085247715,-1,1
-2.055085093585934,3.2729678125193664,-3.0,59.35251798561127,69.87179487179513,0.0023397754123469666,-1.4912097656492733,-7.468037643811703,0.6231435995183341,0.3583848828978549,0,0,-0.27910343207339017,-1,1
-2.126404349951854,3.268533329958084,-3.0,43.21608040200989,60.83333333333353,0.0020202564378838835,-2.5148266639662324,-7.313375990279155,0.54070418421674,1.1018242824539395,0,0,-0.5294371924139365,-1,1
2.302942426394722,3.3013182255139273,-3.0,47.34513274336274,30.219780219780517,0.0016462460193231519,6.697834184855083,6.773728726813852,0.541480760913293,2.776127867237751,0,0,1.653786218482735,1,1
-2.1972478237668236,3.271791615438816,-3.0,48.24561403508785,64.05228758169945,0.0018564452368033432,-6.881537484631735,-6.5248182984983485,0.32791450867814925,0.9385363802314801,0,0,-1.5564058931315752,-1,0
-2.177415730983805,3.263821331800098,-3.0,28.506787330317096,47.27272727272763,0.0014798415287811753,-4.1055285327202,-5.066508186222199,-0.28082751032923525,1.291601897245805,0,0,-1.1032130414219319,-1,1
3.4194775175201966,3.311850430110496,-3.0,68.3823529411772,37.28813559322054,0.0013513513513513514,10.954885903232253,7.223035473121627,-0.5339659564789283,0.665063752276867,1,0,3.129967400923501,1,1
2.2840971493957984,3.3100096432876094,-3.0,40.789473684210705,31.28834355828218,0.0016302575806977412,4.293002892986124,4.496404243046527,0.20788160832266764,9.04913553580165,0,0,1.0732507232465354,1,0
2.4534927170980887,3.318740254068472,-3.0,75.60000000000014,53.92857142857154,0.002100726758779428,3.716551292178565,5.297811038110149,0.8680079554819837,1.1591843421544383,1,0,0.760697632902042,1,0
2.903935041398876,3.328013833853071,-3.0,73.35243553008598,54.77941176470575,0.0025435990579832975,8.835195158151464,7.696967885296362,0.7907464286081157,1.7683195997645673,0,0,1.5442288665932578,1,0
2.975805241966447,3.3384129333189954,-3.0,77.09359605911337,55.18518518518514,0.0028195488721804596,5.7999999999999545,9.219999999999937,0.7115155514643597,1.4230566377250948,0,0,0.9279999999999904,1,1
3.250599491181847,3.361021618775105,-3.0,24.909747292418857,18.70967741935422,0.0024598432528905043,12.327473503835336,13.057376852112384,0.8936625502345694,0.24466360029779816,0,0,2.229775569169186,1,1
2.576946530924771,3.362697558933859,-3.0,24.468085106383256,11.999999999999787,0.0024147275084825965,0.9176185353603614,9.88591774919646,0.9012213622675589,0.18193496503861678,0,0,0.1685913319559723,1,1
2.247855582692444,3.365585389558402,-3.0,22.115384615384713,10.397553516819286,0.002438512157558223,1.5800988148594115,7.303529100482228,0.919231369288283,0.48459068351474205,0,0,0.288414386023882,1,1
-2.524693659543667,3.32712548048271,-3.0,9.259259259259196,42.66055045871547,0.0024304766086227217,-8.057044494748197,-9.05103642777858,0.7572067729684365,1.4684538857465033,1,0,-1.4841924069272907,-1,1
-2.2078442233793845,3.3262812609821686,-3.0,15.151515151515056,49.76525821596213,0.0025026240345902805,-0.4620828196382263,-6.906915947493689,0.760325431637223,1.2990724203491386,1,0,-0.08304440917760106,-1,1
2.431692356678385,3.355289169909264,-3.0,48.08510638297853,34.636871508379585,0.003529126061479662,9.91576866407263,6.536327234760028,0.4930337762258578,11.278089311358817,0,1,1.333532769423788,1,0
4.2037280102319725,3.5433224237454444,-3.0,86.1842105263158,45.53990610328611,0.008030168589174819,102.19918575844554,86.72564827946876,0.11051061038157475,14.675848069019734,0,1,6.18853200959444,1,1
2.698054698385822,3.5193297547198528,-3.0,86.24094799210002,58.18181818181832,0.010769800148038515,-13.085888727367546,54.972900014895046,0.4946563290982966,7.657163364401802,0,1,-0.6006637448627713,1,1
-2.087811847056118,3.404045268132246,-3.0,30.740740740740577,49.61832061068738,0.0022160600986281098,-3.9555502050545783,-6.1400000000001,-0.015480770844719396,1.9970110317221421,0,0,-0.7723528991738388,-1,1
-2.2116689140652803,3.4014760176263468,-3.0,53.25842696629225,64.64088397789995,0.0033171873923922702,-3.364280451116201,-6.619453881245636,0.12622889266027607,1.496819944598338,1,0,-0.4677251868483307,-1,1
-2.229468586733696,3.3901421970766528,-3.0,49.6981891348089,73.48066298342613,0.004154116177293389,-5.439014219707133,-5.881971560584361,0.6356647453576427,0.5426004980434009,0,0,-0.6221094695743448,-1,1
2.5876428648944083,3.427426180953556,-3.0,67.3796791443852,47.029702970296924,0.00270988310308184,8.544345964760168,7.472092815046881,-0.01328347573372313,5.961925757713888,0,1,1.4007124532393667,1,1
-2.298559110513495,3.3939674673958935,-3.0,35.315985130111144,54.77707006369418,0.0025585552410105615,-7.545475600546979,-4.705457072065656,-0.22913871496695984,2.4469496843645744,1,0,-1.309004441234904,-1,0
-2.1533160880839017,3.394060845871495,-3.0,32.55813953488354,51.034482758620506,0.0026800092017483616,0.05148478853220695,-2.9939806875962405,-0.49968810720617496,1.540106189644728,1,0,0.008591025500010615,-1,0
-2.304659005339774,3.386557915856329,-3.0,38.64541832669298,69.28104575163405,0.002946337575957302,-4.010508977992004,-4.759836873784616,-0.5774149735378141,2.448729963008631,0,0,-0.6176801506258259,-1,0
-2.55894989411611,3.377016807929021,-3.0,36.88212927756623,73.44632768361598,0.002994241548264445,-5.252420169515062,-6.631412607382572,-0.5902371545552723,1.1797441242278786,0,0,-0.7984134893942477,-1,0
2.712550473176254,3.382834748301465,-3.0,58.19209039548057,41.01123595505603,0.002246931630179681,8.773094708848475,8.41174500299594,0.09754543168519904,1.3197839863181873,1,0,1.696454777954123,1,0
2.614924115611568,3.3853601424119213,-3.0,55.83756345177652,35.0961538461537,0.0024294120822760806,5.947308220738705,5.282916263462084,-0.12477907237776985,1.4509289617486338,0,0,1.0813287674070404,1,0
2.744761493756322,3.3932581633492216,-3.0,64.77732793522256,36.842105263157954,0.0025805508764642957,4.321348367330074,6.96764012255303,-0.3733467931377621,1.7281735569449483,0,0,0.7459787563825044,1,0
2.0115789712878183,3.3901772069577314,-3.0,63.49206349206337,37.142857142857615,0.002665876777251183,-1.6865620224352824,2.713642529669778,-0.4576747160293206,0.23317259601123091,0,0,-0.28345580208996357,1,0
2.05763053048544,3.3994671040214364,-3.0,28.57142857142857,35.714285714286035,0.001536264330103831,2.4297601968094114,3.617483090900623,0.4393392940621784,0.6175079475847096,0,0,0.6322796051176912,1,1
2.4000233456084685,3.403237547170205,-3.0,28.03738317756998,26.45161290322561,0.0015868725868725833,2.052428160377758,3.7877555547173416,-0.05715360429227125,1.4788899833565436,0,1,0.5214880988255656,1,1
2.2988373061038105,3.406997937900445,-3.0,45.45454545454546,27.272727272726954,0.0016023166023166023,3.5331490720552665,3.241878267836364,0.17760653503723955,2.3609145751098533,0,1,0.8912448109688961,1,1
2.544772007721471,3.421178262780281,-3.0,61.57024793388477,30.434782608695656,0.002072455186520944,5.9894108686100935,5.431011173282559,0.3441487210599058,2.1137444483747982,0,1,1.2349300760020918,1,1
2.649112465601641,3.431022734286166,-3.0,63.05970149253744,19.25925925925891,0.0027778418128587288,9.761187511571961,7.907748869457282,0.03958418319021246,0.6541391033919299,1,0,1.583506664681444,1,1
-2.5480750560513346,3.4174037529350048,-3.0,36.666666666666266,57.317073170731554,0.001633986928104584,-4.796091313527086,-7.520279666931811,-0.07728599650816254,0.9384765504378652,1,0,-1.1990228283817665,-1,0
-3.1604004768542207,3.403229287468515,-3.0,33.333333333332874,57.317073170731554,0.0018694500701043864,-7.615328324322945,-11.36742736117758,-0.6354591915298227,2.1873192637869834,1,0,-1.7195902667825942,-1,0
-2.9396604161379907,3.393227581556824,-3.0,35.71428571428561,69.23076923076937,0.0019087091672574576,-5.3898413723352405,-11.514527160416629,-0.7851664671556295,0.9031542768446145,1,0,-1.197742527185609,-1,0
-2.484799917541267,3.38966801784568,-3.0,41.76470588235274,75.18518518518502,0.002013934247768341,-1.923468828553041,-8.763933931930888,-0.6438232686873674,1.1175664623848922,0,0,-0.4092486869261792,-1,0
-2.3177091150637863,3.383153649226497,-3.0,36.040609137055384,74.72118959107831,0.002115392107211031,-3.530842317538827,-7.638834251069193,-0.7298677028684686,0.7975554192587401,0,0,-0.7237451309742842,-1,0
-2.1863614188160754,3.3765229279790034,-3.0,29.957805907172457,73.50746268656684,0.002288025738337312,-3.5935215608028557,-6.8274531131032745,-0.760925418641827,2.8408022411570264,0,0,-0.6929655902374662,-1,1
-2.024791191642715,3.3714974437241647,-3.0,22.666666666666103,72.69372693726918,0.0025314273174707634,-2.7227779397176164,-6.126236814955928,-0.6544355410360322,4.836202480903281,0,0,-0.48497316992425793,-1,1
2.1288758338625917,4.32824099495663,-3.0,72.41379310344828,60.790273556230844,0.0020440140430244337,22.41754708436565,14.22412909069244,0.8717283853722154,1.1133952169971528,0,0,0.8693785572884186,1,0
2.2888368251905926,4.3358592962932985,-3.0,81.14285714285714,56.34517766497453,0.001990342715816747,25.65177286294056,25.451215275541834,0.859735598208282,3.01731365044651,0,0,1.0202409661396814,1,0
2.620479861166963,4.350514705412662,-3.0,83.07692307692308,55.78406169665802,0.002036456682747045,47.0907205875792,43.450307351749146,0.7138297446362277,3.4040410144839948,0,0,1.8262329313742627,1,1
2.9643207239530867,4.379843541318209,-3.0,71.1864406779661,48.093480934809435,0.0030926754263349175,78.82943407761923,68.35036550291188,0.7068704762696509,0.9571473256177666,0,0,2.0249762882324203,1,1
2.549679661295949,4.382519900904943,-3.0,56.12903225806451,36.349924585219085,0.0026883910386965378,7.493984079274014,58.194166123826655,0.6373319426206799,1.1653546520823022,0,0,0.2204112964492357,1,1
2.0444989138050405,4.365062305100668,-3.0,82.40343347639485,67.81115879828354,0.002543276724915908,15.0,24.582531152549564,0.9462470537110366,0.42038090259313005,0,0,0.46875,1,1
-2.0544695535048065,4.337203943714285,-3.0,90.81632653061224,89.49416342412435,0.002386020725631009,-20.468555887799084,-24.95762233290261,0.8503778945037933,0.7771438004931954,0,0,-0.6790516171307753,-1,1
-2.741756745758963,4.291958073006872,-3.0,38.17427385892116,58.417849898580435,0.002537096304917079,-72.58391614601351,-68.11765735942353,-0.17355249762188624,0.587681868721906,1,0,-2.258166280098198,-1,1
2.1172081541362706,4.338028127909308,-3.0,54.88721804511278,38.14814814814839,0.0030090445269016696,94.67323879538526,112.11267506982367,0.47244738788071333,1.2941775459427265,0,0,2.486726722580476,1,1
2.3344632168048998,4.35007069800537,-3.0,42.96296296296296,25.728770595690804,0.0028450658429523654,52.975600933046735,75.465232973214,0.6298011379136575,2.0856744504462386,0,0,1.4715444703624092,1,1
2.14103080206787,4.354144615742483,-3.0,48.322147651006716,32.117647058823565,0.0030494861586890104,11.520987689802496,52.503661355284564,0.4861776340736128,1.7995877085614895,0,0,0.2981401620281607,1,1
2.389308403977476,4.375574218768733,-3.0,60.264900662251655,31.3793103448278,0.003115121028220689,60.75298593759726,72.9648313282003,0.1214348189137305,1.303585903423785,0,0,1.5352740128634688,1,1
-2.931771498001726,4.271145181757492,-3.0,42.90540540540541,61.35531135531145,0.0031141949078547565,-88.38632102709562,-80.03587196536537,0.4188931378100728,0.17240541722218924,0,0,-2.2539316837510723,-1,1
-2.428888201378937,4.270905364372632,-3.0,55.82417582417583,78.34890965732123,0.003952843273231622,-103.8134075910948,-56.02819693320125,0.557347313626678,1.598800012903087,1,0,-2.0822173442339933,-1,0
-2.538509932735792,4.257944456011294,-3.0,53.794642857142854,81.26760563380307,0.00392585397442124,-37.50878897448274,-68.573392423716,0.503757849439075,2.340157356257324,1,0,-0.7577533126158129,-1,0
-2.9926050260273116,4.224392968081508,-3.0,47.16242661448142,92.05202312138786,0.004280363830925628,-97.34635780848839,-120.82131177058037,0.14325137833946455,1.881822650504076,0,0,-1.8171320124251167,-1,1
-2.2309631027783263,4.230133583609278,-3.0,46.8503937007874,88.71866295264633,0.004435943350154648,16.690400750827393,-80.65729233851016,-0.05798022283958551,0.7997569979905603,0,0,0.30072794145634946,-1,1
-2.2082221508068214,4.218657411141339,-3.0,25.51319648093842,41.75199089874863,0.0032947956400051956,-103.43612968489288,-45.05597223342447,0.7498111357387975,0.5586356937328936,1,0,-2.5316535237561197,-1,0
-2.332756262206931,4.208946902744109,-3.0,24.16666666666667,40.89385474860355,0.003310277850155151,-27.844790265335178,-55.36475681436641,0.7042329623318863,1.0054285608774327,1,0,-0.6803264637254668,-1,1
-2.035784513510904,4.2070484604704,-3.0,21.96382428940568,40.21978021978021,0.0034013605442176874,-5.4405286213641375,-45.97621144854602,0.7243799554128906,1.1032716498857558,0,0,-0.12975707103764553,-1,1
-2.451928138015304,4.180834653352032,-3.0,19.12568306010928,50.48543689320399,0.0023105360443622922,-73.41885682966677,-44.90324605831374,0.5497000938411022,0.7993477089733697,0,0,-2.57610023963743,-1,1
-2.0849506657965073,4.18057263338152,-3.0,23.178807947019862,53.47043701799493,0.002118847539015606,-0.7458282099851203,-35.51681012040499,0.4777631301868157,0.9700909400332695,0,0,-0.02845121237000459,-1,1
-2.425693988504676,4.162754318485574,-3.0,52.0,62.118126272912534,0.002709153836973386,-35.18309884610426,-55.88575930628249,0.7688022685906621,0.8574115413157712,1,0,-1.0524858629176488,-1,1
-2.2319261568315993,4.148604688919422,-3.0,69.07630522088354,85.98130841121488,0.0029925841142666378,-51.93186095595229,-49.88046564487085,0.883345665261536,0.31533220385806954,0,0,-1.4090039794250622,-1,0
-2.3450228750782083,4.138646036014412,-3.0,64.06926406926408,85.55708390646488,0.0028390113560454243,-28.76255319807933,-58.155323808691534,0.7899873359807597,0.3026803070505271,0,0,-0.821787234230838,-1,0
-2.082596030426615,4.137038317414426,-3.0,63.59649122807018,88.51351351351352,0.0027832409559568508,-4.6522264474679105,-42.56171904262483,0.7033865830516451,0.3167984732603698,0,0,-0.1354078383878394,-1,0
-2.128953484229553,4.130419781430447,-3.0,61.70212765957447,87.57142857142884,0.0027938630529520626,-19.17391604371369,-39.94337895306999,0.37245492321503826,0.3601626578195558,0,0,-0.5569187232613935,-1,0
-2.063392233259527,4.123608294605133,-3.0,50.270270270270274,86.08000000000018,0.0024599658470761034,-19.731515666800988,-34.86951161103316,0.17646932818405606,0.1889372644128218,0,0,-0.6484535665145865,-1,0
-2.116139146529634,4.105227095656465,-3.0,52.17391304347826,85.35353535353556,0.00222450172354155,-43.789203217424074,-52.4500567854473,-0.09223221720390598,0.4190997895959616,0,0,-1.5841055427491912,-1,1
-2.2509525200943163,4.0552901931657015,-3.0,41.17647058823529,52.32300884955741,0.0024883637665592553,-54.72334622586641,-61.66065696583901,-0.10609144459804165,4.053279400843748,0,0,-1.7775564899353358,-1,1
-2.02436472423015,4.054484465398324,-3.0,39.91031390134529,57.402912621359384,0.0025548578114180658,-2.3782062138416222,-48.1518856224975,-0.28234270777508935,1.3085065758320986,0,0,-0.07532779862846767,-1,1
-2.005032336033674,4.0501355063456055,-3.0,44.94949494949495,66.66666666666666,0.002407637528079147,-12.835094854441195,-40.251219557111106,-0.3589036834204858,1.556207904735976,0,0,-0.43091445554478836,-1,1
-2.5815128886346836,4.022009885556185,-3.0,50.753768844221106,67.00507614213211,0.0027612752070956407,-151.48919937647042,-114.67009689975457,0.7218532445265544,0.7268728148441695,1,0,-4.455564687543248,-1,1
2.3103572849098626,4.086006811350975,-3.0,30.434782608695656,23.45058626465668,0.0021001384182139276,36.913719879778,58.89862085873828,0.5693331106062921,0.33554693411984454,1,0,1.4120002139805792,1,0
-2.2657604976475523,4.064974624547883,-3.0,55.24475524475525,72.07207207207192,0.002717520574663432,-13.544365510106218,-25.068142143969816,0.7840440341850968,1.7883575291773413,0,0,-0.4025926053959385,-1,1
2.8845242959989887,4.112955429060816,-3.0,50.24630541871921,34.91847826086939,0.0027643277415383156,57.645829491977565,55.54895506818102,-0.19881676169393275,0.5836264333304738,0,0,1.6778411910346902,1,0
2.737999200165453,4.122585477829234,-3.0,58.37563451776649,33.50717079530604,0.00277317880794702,28.25356626796929,60.90108512745246,-0.4270394631786649,1.0486870554864185,0,0,0.8189439497962113,1,1
2.446955769629155,4.128443495788532,-3.0,71.42857142857143,35.25377229080907,0.002696533535179118,17.165151381468604,53.311962461735675,-0.5763247918421743,0.8187682136792157,0,0,0.5113023815756605,1,1
2.2232470030496505,4.131813290604426,-3.0,47.31182795698925,40.46121593291401,0.00219245698950496,20.52091202563861,24.75944417608189,0.8766682487956247,0.9858985818535961,0,0,0.7560336009445804,1,1
-2.387391313935875,4.10235189638877,-3.0,33.6283185840708,45.42253521126771,0.002593909117110193,-24.48658530988905,-30.973336140593894,0.23882277197630333,2.135162610307623,0,0,-0.768637207036876,-1,0
-2.2876391569660104,4.098909446397134,-3.0,38.57868020304569,47.77777777777768,0.0024958202528295986,-9.982399217926286,-30.214080625658607,-0.0430522698587949,1.147128814442959,0,0,-0.32576594184374824,-1,1
4.149588256858846,4.274327124625306,-3.0,38.21138211382114,8.198924731182942,0.002893065081909905,490.22380978535875,385.7969153254347,0.2726469383826997,1.414276962571837,1,0,13.892982463552677,1,0
2.8219788674291193,4.266355150487244,-3.0,44.6215139442231,12.09781209781218,0.002840532961014889,-22.10373841458204,275.4969164747621,0.04907006587493476,0.8868401453429327,1,0,-0.6367332053583303,1,0
2.3994001558065152,4.278910321017162,-3.0,46.28099173553719,11.484422724496113,0.002638141014058039,34.92855837068055,212.60484139986073,-0.05036507784994339,0.5000169958190285,1,0,1.0818580026316984,1,0
2.3862113298450742,4.320276862552363,-3.0,40.27149321266968,8.709506107275658,0.0026446101760262174,114.64747528891348,202.9085418736213,-0.25564461529089455,0.29758565920537544,0,0,3.543189081776575,1,0
2.147980258105794,4.339442789495514,-3.0,41.013824884792626,8.179551122194567,0.002745396181787464,52.600806026675855,120.84712528279779,-0.27491591420252653,0.47763214133067394,0,0,1.57017331422913,1,0
2.044969338047582,4.368627121391151,-3.0,44.278606965174134,7.717647058823587,0.0026698882512836003,79.61489497349066,149.09661434651133,-0.10143950246408834,0.4681833943589954,0,0,2.444316950940503,1,1
2.071856078716888,4.432663668986883,-3.0,49.657534246575345,32.48407643312102,0.0028415562616150108,41.82291654632718,61.35059510744104,0.5406201274391867,0.5915856622114216,0,0,1.1998377697716816,1,1
-2.5060403058178244,4.360146292149586,-3.0,47.07903780068728,67.3674588665447,0.00301287810721773,-81.07038456203918,-76.67038456203882,0.7159075955287745,0.271278773183865,0,0,-2.195329562608411,-1,0
-2.227844823501228,4.3108355139319,-3.0,16.75977653631284,64.2401021711369,0.0022306315891285427,-107.28420373684276,-89.68249614835949,0.07082668507290808,0.8775553598007351,1,0,-3.921615802391119,-1,0
-2.030829829623855,4.30800000374943,-3.0,30.5,60.56338028169028,0.002327292020885336,-7.772000033744916,-70.90696006606485,-0.23252792856896878,1.0812317532972433,1,0,-0.27202000118107206,-1,0
2.286536113740041,4.273653550534408,-3.0,38.49372384937239,24.728850325380108,0.0029498345659789804,32.64192130320589,25.65374082368253,0.7911439344030595,0.07155879106569271,0,0,0.9158054073043737,1,1
2.6593286356708665,4.28300163077023,-3.0,36.94779116465863,15.969581749050079,0.002953607054553427,25.688515492316583,40.34207764493404,0.7087588182955132,0.06417945127197142,0,0,0.7207198735319281,1,1
2.583199964940299,4.289327228869428,-3.0,68.87417218543047,58.945386064030224,0.0027676164805544856,73.58371257815452,56.98472420223843,0.6263897284812191,1.0006171960309547,1,0,2.173358599354775,1,1
2.5508773299464864,4.30043225055389,-3.0,76.0,49.75609756097583,0.0016035229638848335,55.90129675166099,37.36670024589766,0.09057133359867943,1.9674251603838806,0,1,2.7752416827065742,1,0
2.7312900145896584,4.312009531744757,-3.0,74.02597402597402,32.03883495145651,0.0016653088608808166,32.13850198966793,54.60633550808234,-0.3512603200111829,2.440026322611522,0,1,1.5408870816964075,1,1
2.655743238212263,4.321502362173996,-3.0,74.50980392156862,23.497267759563613,0.0017976989453499519,26.250516535217685,62.21168094447894,-0.4340404555945504,1.7253665379697334,0,1,1.1704051958377313,1,1
2.671210302200421,4.335900584063196,-3.0,76.64670658682635,19.184652278177325,0.0019450595487461848,39.7146333291621,71.74168396662317,-0.5450381299308019,0.2210956378764854,1,0,1.6401323498769007,1,1
-2.1690237123834497,4.272442498195337,-3.0,24.657534246575338,47.69230769230772,0.003094335079164409,-47.42411172996799,-40.67118949025426,0.8111245821839895,0.6108079329162784,0,0,-1.2574575079915755,-1,0
-2.6029839409643682,4.256266630069088,-3.0,21.58590308370043,51.56695156695142,0.0030917024251482573,-44.92199972551862,-66.0106875871792,0.4907313776781777,0.32017132913933877,0,0,-1.1933738067500201,-1,0
-2.047993349418223,4.259511840757981,-3.0,29.767441860465112,54.730713245997045,0.0029613935403098634,9.03668342293895,-40.05829859063124,0.3041130633540753,0.48288082612706484,0,0,0.25002681407340965,-1,0
2.7584495515217857,4.2748146458588785,-3.0,65.29411764705883,35.374149659864145,0.0022911505063382483,19.3588137334973,35.73436979592079,0.5416691241071401,3.284443964431004,0,1,0.6861351703011701,1,1
-2.174020356175618,4.231775039300414,-3.0,43.80952380952381,64.38746438746429,0.0028902782648655844,-17.307289984279123,-60.12919223894678,0.1746734084947496,0.6512288751441998,1,0,-0.4924838613412758,-1,1
-2.3181282840434916,4.211204141118767,-3.0,51.79487179487179,66.96629213483118,0.0021297509829619923,-43.7405023620413,-27.444558990850418,0.5661860098053377,1.342754479465599,0,0,-1.6777178988180224,-1,1
2.001240184232693,4.247041349214101,-3.0,33.69565217391305,24.600638977635782,0.002909489317669974,36.729289444498136,33.986478846080715,0.7941894834407562,0.32375350269794584,0,0,1.04514238256702,1,0
2.1820993192881324,4.253893507853083,-3.0,37.11340206185568,24.367088607594965,0.0029130937176914187,18.933176366490443,37.79952909947424,0.7437450065535935,0.3064338115951438,0,0,0.5376561239977002,1,1
-2.242976064319035,4.2216777243538886,-3.0,43.18181818181818,68.367346938775,0.0017863239525923035,-15.889161137822157,-29.520294028848003,0.37016655854893793,1.4240895330703605,0,0,-0.7245871528648541,-1,1
2.3509937362721796,4.265244663098232,-3.0,68.75,55.35168195718673,0.0018467669428717227,28.293902134761083,28.187071527708394,0.6805441143308748,1.4252735550362,0,0,1.2456434902096074,1,0
2.527362083095321,4.271041258288406,-3.0,66.85082872928177,54.51807228915677,0.0017784306108575311,15.979457761601225,34.68952927284372,0.5713702279822132,1.0379528914625558,0,0,0.7287049142098279,1,1
2.446729584479218,4.276145735468569,-3.0,61.27167630057803,37.69230769230686,0.001799851633851804,37.919624177935475,32.014524271885605,0.22644860872367578,2.679855665463879,0,1,1.7124991564228924,1,0
2.222629497733701,4.285194073218449,-3.0,67.75956284153006,34.237288135592436,0.0019665922113236865,27.28373747823025,28.655290900657565,-0.11300093491549171,0.6574657683112367,1,0,1.130095635192969,1,1
2.1715243167513196,4.298829536430623,-3.0,61.06870229007633,43.908629441623944,0.0012884248398585163,35.50332835765403,24.747900392099837,0.08360272964900403,2.4717993648012264,0,1,2.1993212256953822,1,1
2.22241843568965,4.302974635332058,-3.0,47.77070063694267,32.071713147409966,0.001414306441190456,50.63569562398516,29.063576638570886,0.5433699084086272,1.2854421018325854,0,1,2.8817062550235453,1,1
2.4038279741180126,4.312957330565295,-3.0,59.45945945945946,32.08556149732695,0.00184845146284735,40.347179979240536,39.29603059196452,0.3663310298828867,0.5646968950717178,0,0,1.7875332902195173,1,1
2.5762140368058506,4.3208955028961915,-3.0,24.277456647398836,5.581395348837418,0.0020478657784357267,37.57985066245419,40.8928356111639,0.9043810742480907,6.072335837125573,0,1,1.5205719921224239,1,1
2.1050975125053832,4.333855205203176,-3.0,55.494505494505496,36.594911937377645,0.0023346685999361036,19.10109593092602,31.78902552751824,0.2040783516647346,0.19266301343903477,0,0,0.6787191447537165,1,1
-2.3170178467485996,4.293363876482737,-3.0,52.577319587628864,61.74089068825878,0.001400801159961662,-30.06425656245483,-36.66211467704015,0.1979258665986261,0.4470764952450548,0,0,-1.7392545118775522,-1,1
-2.0729500304036694,4.291674360804069,-3.0,64.55696202531645,61.74089068825878,0.0013334480385409498,-4.5750046164812375,-28.43921729409085,0.2879339363107657,2.8394471534351062,0,0,-0.27727300705946895,-1,1
-2.186100938045177,4.276782765820785,-3.0,51.21212121212121,61.948955916473224,0.0032492659975676573,-13.704461042401817,-40.04694205428823,0.8462808149201075,0.3926579454416388,0,0,-0.3533378537635828,-1,0
2.4125077390516023,4.29645854816873,-3.0,92.0,60.83916083916038,0.0017298727784791686,27.48229274084224,25.64468782225231,0.7217029550330379,1.1594140301623295,0,1,1.2867963156247202,1,1
-2.3439325740617623,4.246905481138659,-3.0,32.7683615819209,56.77966101694905,0.002057309898424162,-30.797458782133617,-35.07696365911615,0.18152001430084314,1.6081926796889818,0,1,-1.2354281459881682,-1,0
-2.436791553128955,4.2382584712408,-3.0,37.66233766233766,58.26513911620277,0.0020525804746745983,-23.681556343592092,-43.31385658001782,-0.05343430663955229,4.6220554473019115,0,1,-0.9527062896847394,-1,0
2.409589591425102,4.24422006157512,-3.0,58.97435897435897,45.59585492227966,0.0024318467259339524,29.63366990763643,23.173324524381677,0.7736818480483457,1.1137042772700503,0,0,1.0143554491611493,1,0
2.3072573597680845,4.247946601535948,-3.0,49.740932642487046,39.83402489626533,0.0026265491090696094,21.107546113056742,20.15477407565013,0.7437835331288726,3.138483446066216,0,0,0.6716037399608964,1,0
2.3569229602988293,4.25172312148205,-3.0,51.256281407035175,38.42887473460709,0.0027039012552507423,10.299310751406665,22.4762721621948,0.681344769515804,0.43912949036322113,0,0,0.3183009945247093,1,0
2.7836382305559404,4.262078079979244,-3.0,46.875,29.904761904761813,0.002717391304347826,28.244209023836447,35.073461158212375,0.5961119649660096,0.3651975755297655,0,0,0.8690525853488138,1,1
2.1835014094702094,4.269501954752713,-3.0,62.365591397849464,39.53488372093047,0.0017265745007680492,57.79572462988472,46.964808022820215,0.39549124583238443,0.8278750850419541,0,0,2.7428479485369017,1,1
2.597574066889912,4.285661869787694,-3.0,85.71428571428571,49.475524475524544,0.003856543901037783,60.42827265778942,49.25708834457946,0.1785128731750342,1.8395465554695498,0,1,1.311621422029538,1,1
-2.112524462345251,4.251413483059791,-3.0,35.159817351598164,27.29970326409493,0.002350111028867506,-33.54519415759751,-33.85084062977294,0.8837600365632923,1.0124343234496402,1,0,-1.188943590395861,-1,0
-2.026956474024407,4.249751940798256,-3.0,32.90598290598291,28.395061728394808,0.00243366111577803,-4.5256697598433675,-29.9617066473078,0.9531074803696379,0.6255457440173325,1,0,-0.15529258979854693,-1,0
-2.0290984713267077,4.245175526569186,-3.0,25.751072961373396,29.545454545454973,0.002430637160916839,-14.820657973912603,-17.831780942800105,0.9604748898928683,2.2214766245656734,0,0,-0.5098015027881485,-1,1
-2.5763946308988825,4.235769394592071,-3.0,22.22222222222223,40.6354515050169,0.002415219599197404,-45.370694371860736,-32.00242391242027,0.9177301683760464,0.508021688061546,0,0,-1.5722517851634907,-1,1
2.029220150728174,4.268060122844136,-3.0,60.736196319018404,52.30769230769236,0.0017122236814650252,33.45152184030121,30.53650164422361,0.5867102403672924,0.8498417290317171,1,0,1.5983662312771911,1,1
-2.7353462919836633,4.236080682899535,-3.0,50.0,62.500000000000135,0.002310109037146553,-33.80534864371475,-45.0344806222216,0.2748291860700463,0.7952253662671853,0,0,-1.216644938334207,-1,0
-2.5648056981500122,4.227481935807339,-3.0,49.333333333333336,66.59528907922919,0.002659902737663235,-32.83694942025977,-29.441683162487244,-0.27817887525404755,0.9460130533484676,0,0,-1.0330725660306446,-1,0
2.5386780773497666,0.7118736720232788,-3.0,45.72864321608026,34.71502590673565,0.002089325049214396,1.560185242439502,2.0018955379982115,0.5044603878962353,3.0112712317421866,0,0,0.5133394452209883,1,1
3.4435586268917446,0.7142908790832515,-3.0,66.75062972292184,50.81300813008147,0.0026372955732666915,6.435701890200107,4.251420411048366,0.38525914165907027,0.7427829201528724,1,0,1.791249035045753,1,1
2.2927509418427,0.7135855395886729,-3.0,67.4300254452927,55.4166666666669,0.0026747101791619776,-0.9708684316708514,2.812240774077145,0.4641164875508305,1.060865937504966,1,0,-0.267562166208502,1,1
-3.463893506411883,0.7057696789524046,-3.0,39.16666666666679,59.58549222797871,0.002557423112665659,-8.193655683704947,-6.03561644232766,0.26918122291857205,0.9946760635267424,1,0,-2.343435742019793,-1,1
-2.356488133221305,0.7067475253469818,-3.0,29.396984924623098,43.37349397590379,0.0027600989524837406,1.352509409685922,-3.2056224734521495,0.6184258116261858,1.0080056988339072,1,0,0.36695991735664374,-1,1
-2.218596408252327,0.7062287805535925,-3.0,54.43548387096784,62.50000000000064,0.003102412500274076,-1.7980634636055584,-2.4164304002158814,0.3693891177226649,3.178159645753332,1,0,-0.4459324799021744,-1,1
-2.296876376960217,0.7055274603087547,-3.0,53.3596837944665,63.428571428572084,0.0032881502234771843,-0.9705527460307621,-2.2443713968027623,0.23966087948894296,0.9003971921181827,1,0,-0.2304959871828776,-1,1
-2.1102016132278343,0.7028173202549947,-3.0,69.40639269406425,81.43459915611797,0.0027719749317049605,-3.7385943136831656,-3.217382568592393,0.8652626771307268,1.9338820249129343,1,0,-1.0075133857856475,-1,1
-2.3936211753991956,0.6980148970290064,-3.0,69.99999999999984,81.62162162162213,0.002328837685091821,-2.4326551190074497,-2.0843375025320485,0.8077630696712135,0.48317286729265735,0,0,-0.7387672812603947,-1,1
-2.50228729262766,0.6970725572711621,-3.0,57.98611111111091,82.12290502793361,0.0019201228878648318,-2.09707255727119,-1.5722528733071386,0.8709848983463772,0.9207528185484929,0,0,-0.7249139704147303,-1,1
2.6914684606984594,0.7054991024838079,-3.0,77.9693486590041,66.06060606060569,0.003801580209086897,6.353401077019498,6.257221759131744,0.8102704205514634,1.4497596685209073,0,0,1.3157931224596633,1,1
2.06045978766078,0.7067054711160845,-3.0,78.79377431906576,66.4688427299705,0.0035659343386006963,2.0027986017945523,2.9970435379696028,0.8489322009525663,0.8444718580485329,0,0,0.43606812480752416,1,1
-2.126101187058204,0.698253067082101,-3.0,45.17133956386313,65.44117647058822,0.0033249083336299753,-1.400873466458961,-4.59986778907612,0.2940105329500892,1.1408199208655019,0,1,-0.32310096425742196,-1,1
-2.0107678764763492,0.6975854190776949,-3.0,40.063091482649924,63.56877323420096,0.003273957962237251,-1.1883097933543922,-2.2842815453796446,0.06836271735536945,1.2740144783425484,0,1,-0.2775035380644127,-1,1
3.4486430506895807,0.7193348311070222,-3.0,65.57971014492742,32.142857142856926,0.004435463998817194,31.256239990557333,24.09989841946872,-0.5185518270345071,1.9138923387069995,1,0,5.682952725555896,1,1
2.601548105985607,0.7192435729487546,-3.0,64.21845574387942,34.19117647058816,0.004603643525356954,-0.1288653594231164,18.215341036510743,-0.686389925348522,1.3327235830392912,1,0,-0.02270755232125404,1,1
2.373457463071118,0.7203036039950462,-3.0,43.50961538461525,18.59296482412074,0.0029359094184544902,4.03121441598023,4.173354831091342,0.4357340209054083,2.1364468713925544,0,1,1.0233363884627968,1,0
2.536814015327329,0.7219264717110949,-3.0,44.96487119437916,12.903225806450934,0.0029751524943593074,2.2556147056578766,4.425672944949338,0.22423702966745343,2.256702545578525,0,1,0.5659248365449874,1,0
3.0598644060786855,0.7275317000783557,-3.0,62.553191489361716,16.849816849816676,0.0031513125747994137,9.851709220517023,8.359285042333749,-0.3221129659018024,0.6264855159499291,0,0,2.357674001491253,1,0
2.5124630300158084,0.7283001115331675,-3.0,66.21621621621611,16.027874564459708,0.0031516250345262294,1.065280178453122,6.392332450594017,-0.47445100080267766,1.1403921317163717,0,0,0.25493884612553347,1,0
2.2804766491736306,0.7297267922005546,-3.0,70.53571428571416,16.60649819494563,0.003229549136546609,1.9756721506407757,5.754312632958272,-0.5602764574071979,1.041254505797973,0,0,0.46369505631133057,1,1
2.128287791193792,0.7377655185603716,-3.0,67.48251748251754,45.08928571428569,0.0036605738993710835,3.856648277840577,6.552807176423562,-0.04476386378692054,1.0198856935283067,0,0,0.8162218577440349,1,0
2.2373535637350432,0.7403363045141832,-3.0,64.33121019108296,11.707317073171055,0.0026478437982862873,3.501681522570948,3.55919408339721,-0.7480205854146715,0.7494477369594461,0,0,0.948230973230041,1,1
2.210565135443653,0.7420857195755154,-3.0,67.53623188405828,14.659685863874174,0.0027073789209711603,2.4031657121699936,4.006257158726635,-0.8689074745256803,1.2470343682223284,0,0,0.639018422989171,1,1
-2.0503305098974876,0.7301829372319762,-3.0,28.977272727272847,54.86284289276795,0.0037102523681706505,-2.713567105419088,-4.7626524875010094,0.019385099742957417,0.3323266937646819,0,0,-0.5734330486923355,-1,0
-2.4630656842389027,0.7269465154867398,-3.0,18.435754189944205,56.38554216867492,0.003743277415678318,-4.458503727876291,-6.1606960132744915,-0.37829693276059567,0.326640917808713,0,0,-0.9379271553759281,-1,0
-2.090620074910089,0.7269300472050583,-3.0,20.79002079002072,60.567010309278416,0.003579263775713716,-0.022693004720395038,-4.113633925565432,-0.5827696484348868,0.44409206687850394,0,0,-0.0049447792386853,-1,0
2.3409662713607284,0.7292058949839961,-3.0,68.27309236947798,55.6862745098041,0.00308368168172431,4.533458863948908,6.331682357993668,0.8230603129782625,0.9386794882802438,1,0,1.1047593402138325,1,0
2.179254979957326,0.7294373853499078,-3.0,67.06114398422085,52.20588235294125,0.0031278434940855246,0.31948094044469144,4.605368417514728,0.7755138217058523,0.6618101876902167,0,0,0.07711608907285669,1,0
2.138953916485639,0.7300564612121855,-3.0,70.12522361359567,58.57605177993555,0.003204901196968616,0.8527798012725043,3.4363819324121097,0.7911758165141797,0.744611086077166,0,0,0.20150071253696344,1,1
2.822754618217338,0.7316538660806668,-3.0,34.700315457412756,30.115830115830107,0.0027195608782434955,5.743373274198575,4.378915516132383,0.5119399421186058,2.7494689074678837,1,0,1.541845174281504,1,0
3.564194733924992,0.7363835764097058,-3.0,49.73544973544967,24.999999999999602,0.00289719227983467,6.477342517433954,8.41579628280581,-0.13295878078461004,2.0254869600629832,1,0,1.6547955336510183,1,1
2.8981283875040424,0.7376868883375693,-3.0,53.05039787798409,25.174825174825017,0.002948690653608675,1.7802990213400562,7.3680694316631845,-0.48036349398684436,1.4751975001376398,1,0,0.44868022139983543,1,1
2.208207229105051,0.7371508138119564,-3.0,60.16597510373439,59.33014354067024,0.0035451419477677748,0.9359777213263669,2.1515140540006543,0.8310620847449119,4.251937913546802,0,1,0.20506554144865602,1,1
2.1240046094342566,0.7382508410401785,-3.0,63.36842105263169,54.5023696682461,0.0030763984113563827,0.8667755887281601,1.99261124473951,0.7190428591647644,0.465183897210964,0,0,0.21177763075382636,1,0
2.7448094590640917,0.7404305223613037,-3.0,71.72131147540978,57.213930348258316,0.003150426671958717,2.9683013656529056,3.4504782656170847,0.35939377416874807,1.1402566906535732,0,0,0.7109703869827326,1,1
2.1324747604545733,0.7401867111086393,-3.0,67.09129511677308,55.07246376811626,0.002961560015038333,-0.33186930222404953,2.072728611551156,-0.14050005864728665,0.2683570022128335,0,0,-0.08333937634325925,1,1
2.119669462421766,0.7410812750422511,-3.0,62.37864077669921,45.74468085106411,0.002789790854306977,1.2169731475380559,2.1360867890659394,-0.37631942205784835,0.6794349834554653,0,0,0.3193556525873067,1,1
-2.1806526637576864,0.7340542185301697,-3.0,40.712468193384275,61.29032258064549,0.002779792119893644,-1.6712427662625942,-1.8697727690225974,0.19363913508874966,1.0567319388767102,1,0,-0.440628977922341,-1,1
-2.0205367342728997,0.7326432094888312,-3.0,35.42600896860968,42.24137931034511,0.002143320756331879,-0.5697929628466909,-1.7166018020582214,-0.831854317567698,0.6651408676705663,0,0,-0.18109197457102613,-1,1
2.7555822884935455,0.7384524760033572,-3.0,57.58620689655188,18.750000000000767,0.002888446215139452,2.5161665335953103,4.710450119764255,0.35077623187633744,0.6857186219049982,1,0,0.645170906050078,1,1
-2.148222004059688,0.7300757024670832,-3.0,20.790378006873,8.450704225351913,0.004094700847254606,-3.0287956033388355,-3.323245712454013,0.8903366444209306,1.8554054233973678,0,0,-0.602317307482153,-1,1
2.075857402691481,0.7354720543626413,-3.0,30.89700996677736,25.125628140703398,0.002636905064163474,2.447699395705513,1.5331714500681073,0.8716223912659793,0.5874761200790882,1,0,0.6805916889747218,1,0
2.110345688682302,0.7358966722447764,-3.0,55.60975609756087,48.37545126353815,0.002932361163145907,0.5684679531437951,1.5402078468085165,0.7754443873429129,0.6112015369963947,1,0,0.14549454010992946,1,0
2.0113885330774104,0.7369869060433296,-3.0,56.398104265402985,45.06578947368423,0.0029945082664283515,1.5843842872520781,1.3625475944949357,0.5774759871040107,0.5791181656167396,0,0,0.3993047708646105,1,0
2.231039939840695,0.7384352138188234,-3.0,59.174311926605526,43.80952380952376,0.0028487978936161044,2.0814963421101993,2.284448902633062,0.548294552148887,0.464162308096479,0,0,0.5436744177153503,1,1
2.406340941424539,0.739828606272059,-3.0,62.77372262773726,40.117994100295014,0.0028633299520140396,1.873554376307311,3.0123338090599874,0.5153793280051652,0.9145338192011883,0,0,0.4875420310093379,1,1
2.5651097606513362,0.7401058292462204,-3.0,49.39467312348669,33.33333333333333,0.0029779887785930065,1.6019788341507137,2.0899999999998955,0.559814387369982,0.531118814082244,0,0,0.4048321963557762,1,0
2.678166276018142,0.7413857327373459,-3.0,61.64383561643836,38.60465116279048,0.0028239453318674654,1.717247159463568,2.8444868689518445,0.3787562749715928,1.2907263411285457,0,0,0.45105929141632223,1,0
2.5754625006356107,0.7425192086724145,-3.0,57.44680851063812,25.26881720430113,0.002803161363032723,1.5197634460706695,3.0264718978865632,0.10268413048101613,0.9696104927843247,0,0,0.40106858143241075,1,0
2.3344911793701772,0.743242230138235,-3.0,55.55555555555556,24.352331606217902,0.0027520828997696363,0.9689180071244436,2.6951336560018264,-0.20136120323601264,0.7419708587113527,0,0,0.2591184737295556,1,1
2.1548048119187326,0.7448482458071828,-3.0,58.20105820105827,23.26732673267344,0.0029749928140270178,2.8458785966457754,2.552071895409017,-0.2176215730008872,0.4262005525075832,0,0,0.7191750966252864,1,1
-2.011354630121403,0.7367850573864718,-3.0,25.125628140703554,43.307086614173315,0.0025840261519393193,-2.5499999999999545,-3.5110571954090575,-0.5545116219235842,1.2749206240305277,0,0,-0.7190332326283797,-1,1
-2.40136967120271,0.7327258089006959,-3.0,15.099009900990325,60.68376068376043,0.003025647000568013,-7.21799516937233,-4.844251939843275,-0.358556961120997,1.5531204518438813,1,0,-1.8191166943512527,-1,1
-2.036748533970327,0.7325406956631795,-3.0,11.704312114989762,43.29268292682926,0.0035291880307496675,-0.24777210428612761,-3.95633035475023,0.32200788470645714,1.1835946797027421,1,0,-0.05572384674708071,-1,1
2.0587396720600117,0.7464064083492963,-3.0,52.3364485981308,22.67657992565033,0.0033122411745967555,1.6499999999999773,4.149465868857942,-0.27548315354715786,0.5465505058003991,0,0,0.38661087866108107,1,0
2.1257424729868957,0.7481641204429921,-3.0,58.40909090909093,21.94244604316536,0.0033211665642730853,2.323347708398501,4.043053967669425,-0.5289589669330214,0.7177975892954883,0,0,0.5425666041297559,1,1
2.03726357830998,0.7493556632563205,-3.0,56.73758865248203,21.47887323943641,0.0034032529606855904,1.5739046275357396,3.833672666307939,-0.7900058106689073,0.5354803076245727,0,0,0.36063281154664845,1,1
-2.521458707036205,0.7378380996220607,-3.0,26.720647773279396,56.937799043061766,0.003583312004095222,-13.332433348677228,-9.057406106987127,-0.15174915378578654,0.7294681066510419,1,0,-2.9627629663727117,-1,0
-2.4550326250410577,0.7375301403860418,-3.0,31.69811320754738,67.69911504424749,0.0037142711199001813,-0.4076024773125937,-7.279645879468444,-0.3729961458272668,0.979481525030084,1,0,-0.08792657445880282,-1,0
-2.2382902762357517,0.7368579190809507,-3.0,34.30127041742294,72.24334600760406,0.0036908159105468554,-0.8921748439560133,-5.689056800040066,-0.42431677111135296,0.5525145410228932,1,0,-0.1930517436689981,-1,0
-2.366706922087653,0.7342105412819429,-3.0,30.240000000000038,64.54183266932253,0.0038951064296686502,-3.525263133949011,-6.171000051184319,-0.5648931698238853,0.8815608497279018,0,0,-0.7338837750971906,-1,0
3.3319037968580667,0.7362485843631515,-3.0,64.84962406015032,58.999999999999574,0.0033325871419183596,4.855500566254591,4.786798640988559,0.5879132909326032,0.6218533795211539,0,0,1.1301248200758882,1,0
2.2354949894901113,0.7355016006139014,-3.0,64.10748560460654,59.20398009950233,0.0031369438234657575,-1.0036051219644833,2.689647278956295,0.7161547440953884,0.9634125753402649,0,0,-0.24435602969570172,1,0
2.1253777603870914,0.7364427492695531,-3.0,67.76556776556788,60.10101010100978,0.0032142857142856947,2.1972885498538517,1.7683731299123564,0.6596001072620644,1.155246814734597,0,0,0.525397774516722,1,1
-2.092156236456739,0.7299280975785134,-3.0,30.125523012552378,65.8536585365855,0.0018970720524651204,-1.9689784292737613,-2.1149640487893295,-0.7980441544564707,2.0362356906908086,0,1,-0.6865678209173728,-1,0
-2.159010047216686,0.7263501103963045,-3.0,21.597633136094572,67.34693877551075,0.002651708312085677,-2.562504591533866,-3.693378030911049,-0.5427382653868829,0.6596029337364023,1,0,-0.7118068309816282,-1,1
-2.1456673562563697,0.7250000073860312,-3.0,19.58456973293751,65.95744680851087,0.0027545398898184176,-1.8225000155106272,-4.186000012999398,-0.6274705476933939,0.4269061936475778,1,0,-0.49256757175962723,-1,1
2.288015749959273,0.7323228522751256,-3.0,77.71260997067418,62.50000000000001,0.003003401702286454,2.1196968556827187,2.3689897697736115,0.763699077290777,0.6563443377731587,1,0,0.5313474660619179,1,1
-2.613266742331149,0.7280252076209512,-3.0,52.525252525252505,69.86301369862917,0.001627786641369487,-2.501655456766116,-3.3400117557403517,-0.2201244061571061,0.3556360709679529,0,0,-0.9556119070866509,-1,0
-2.5456156122120057,0.727495611735822,-3.0,42.33128834355836,73.54838709677409,0.0015305352562029677,-0.7229947340830449,-2.7898353431977285,-0.22867772848682202,1.205236214534923,0,0,-0.28674012116608144,-1,0
-3.3542098457887053,0.7210060462798491,-3.0,20.370370370370594,60.8365019011406,0.0023247379683023132,-10.763344137842864,-8.032491803431958,0.1589983137295531,1.6742090336882585,1,0,-3.272243603252999,-1,0
-2.966587558909459,0.7188024944067953,-3.0,16.92789968652049,65.08474576271179,0.002510593835258591,-3.009569229305157,-8.492882159281454,-0.21064533753976383,1.3695317977885542,1,0,-0.8669540989767979,-1,0
-2.835327181378,0.7156256984649223,-3.0,16.875000000000284,68.69300911854079,0.002598194327517616,-4.350629051096462,-9.320569498618465,-0.4995336164455217,0.8451899934637243,1,0,-1.223068407938771,-1,0
-2.3637318033068815,0.7149553120206488,-3.0,17.47572815534005,67.30158730158695,0.002602748676845315,-0.9219642496165079,-6.68758450286573,-0.6647961402739809,0.6108036226458099,0,0,-0.25892677020323357,-1,0
-2.397436941045275,0.7115523643103898,-3.0,24.778761061947108,73.72448979591809,0.0026491266217293337,-4.68281604236256,-6.625148203548792,-0.7089552023121766,0.7185303944329329,0,0,-1.2969223460549228,-1,1
-2.0065634388120945,0.7116675078787666,-3.0,29.940119760478964,83.24022346368724,0.002672325140134097,0.15949924290896433,-3.9159730094060476,-0.6792807399374672,0.9259679846179492,0,0,0.043870125750992466,-1,1
2.2100534147313136,0.7140004327816117,-3.0,30.232558139535115,26.363636363636644,0.003036576949620425,0.76340134162308,1.554441930206076,0.922945497633905,0.55258005979523,1,0,0.19153438678715284,1,0
2.2117252714955846,0.7144731006199855,-3.0,21.753246753247183,13.877551020408404,0.0032603310602086527,2.1360515811160212,1.1708132566907579,0.958003499423529,0.9537929805083908,0,0,0.5090165469893507,1,0
2.0383118913893035,0.7147337695833003,-3.0,21.20253164557009,13.492063492063707,0.0032729287245054062,0.3576805234999938,1.1274617013748867,0.9650180060416439,0.778905374263616,0,0,0.08501744191850466,1,0
2.0480296782741965,0.7165170375738297,-3.0,34.91525423728872,16.4658634538156,0.003208719568096153,1.2814721488460918,1.6631238526034395,0.9503375296966161,1.3600035888552242,0,0,0.30878846960146844,1,0
2.3771573400700867,0.7181745015256077,-3.0,36.00000000000006,16.01562500000044,0.0031907548061198433,2.2708966525933647,2.9928902139359934,0.88005682483214,0.616334939501856,0,0,0.5490941819742173,1,0
2.1392943952549697,0.7186403483879421,-3.0,37.95379537953819,15.769230769231157,0.00313512649490678,0.6374561393553222,2.65036402916337,0.7726430624582545,0.6251640483597447,0,0,0.15615723448774302,1,0
2.3829813388023173,0.7206828374524207,-3.0,46.590909090908994,15.325670498084207,0.0031448135937103792,2.7941365674904546,3.7857150021862482,0.4172595613819366,0.715525375235922,0,0,0.6814967237781585,1,0
-2.166476229857666,0.7173408835422617,-3.0,59.44444444444444,75.64102564102555,0.0030751461777232306,-2.802022650626782,-1.8951094907804873,0.9094205730739355,0.4154611118397927,0,0,-0.6930798075755301,-1,1
2.179470981515401,0.7221376222789353,-3.0,87.64705882352777,48.351648351647334,0.0015850702164589036,0.9722899021768399,1.8744122964660164,0.4806043091215659,1.7949277936153103,0,0,0.3770653360242602,1,0
2.304312189612611,0.7229793359176855,-3.0,91.28205128205019,54.54545454545431,0.0016149940198669217,1.1608082656329088,2.1932424796898657,0.4513295256827431,1.321808202932187,0,0,0.4446324410085033,1,0
-3.572182187744108,0.7186226198113141,-3.0,19.43462897526456,45.39007092198514,0.0020297552715747478,-5.755867859434034,-4.854938857509433,0.6284337945697173,1.6231418226352416,1,0,-1.916341261167095,-1,0
-3.213845033709513,0.7165855184283112,-3.0,15.202702702702211,52.46913580246966,0.0021118138416175904,-2.7981466923852167,-5.864780899756511,0.2479216879499528,1.0378141103560032,1,0,-0.9078575595224323,-1,0
-2.466770326107721,0.716659394606457,-3.0,16.071428571428015,51.82926829268331,0.0020474426897236497,0.10166157622438732,-4.062654158723285,0.11933893132691586,0.5730567819990932,1,0,0.03368667614535911,-1,0
-2.0887215699977246,0.7165285658896083,-3.0,18.315018315017667,49.68152866241995,0.0020831521896646586,-0.1799171395336998,-2.3521151341056337,-0.045340745135684056,0.6895036764164133,0,0,-0.058920232829749807,-1,0
2.465801424845862,0.7184740030966213,-3.0,80.41666666666706,69.02654867256688,0.0017416336811802758,2.312610398761308,2.5178311962840327,0.809516610066405,1.791170035856499,0,0,0.8475535492842504,1,0
2.6659678380855167,0.7194936655512056,-3.0,86.18181818181895,71.31147540983618,0.0017952289994111565,1.4085569678937873,2.921250641874053,0.8299112513745208,2.4193722991797304,0,0,0.5056358346285404,1,0
2.055876622925084,0.719244956822672,-3.0,84.61538461538512,69.82758620689691,0.0018817783523665745,-0.3438489913646663,1.7393664552669406,0.8498662052725666,1.7480055692894372,0,1,-0.1197484049528694,1,0
2.9351413431946844,0.7233555758831104,-3.0,85.60606060606071,44.96644295302001,0.002021664790772003,5.673126782533586,4.499363199332629,0.3655527402517495,0.8874982411006419,1,0,1.8820799752481274,1,1
2.2768721999279853,0.7231416968296605,-3.0,82.6271186440681,44.21768707482961,0.00210442538790257,-0.29462833936577226,3.1951277619818486,0.08284438936150242,0.8751707709976588,1,0,-0.09515102078710157,1,1
2.4284736034433667,0.7272167285788308,-3.0,83.1501831501829,44.206008583691315,0.0022947366923060423,5.309113308568385,4.630899011144106,0.273846842331059,1.592985163041973,0,0,1.6070829474585422,1,0
2.5480079970132783,0.7287276334699159,-3.0,84.19243986254256,59.66850828729287,0.002285600715492393,2.08563618326491,5.1413817099589325,0.27067362150952473,1.5002169998577306,0,0,0.6320109646257313,1,0
2.163630263776881,0.7287969866717592,-3.0,84.77508650519005,58.56353591160253,0.0021827861579414294,0.09575939733451833,3.533392482132558,0.22348471510199786,0.6061647418467231,0,0,0.029958247210799108,1,0
2.3328287328754014,0.7358201222406635,-3.0,67.16049382716061,52.9729729729733,0.002409297052154211,2.725523779966693,2.9966581701874704,-0.001771984743439035,0.7258194641124911,0,0,0.794944435823615,1,0
2.1873766849358045,0.7364326897420123,-3.0,70.48346055979623,53.84615384615336,0.0023768198080124734,0.8391461517937842,2.895582502001298,0.014356586240606942,0.6699096826633084,0,0,0.2470672160907037,1,1
-3.2348033294755854,0.7297376257085473,-3.0,17.857142857142875,42.553191489360934,0.002486302151703655,-4.231078712287399,-4.341084555311705,0.26768090533598243,6.340206836100199,0,1,-1.2125916473290448,-1,0
-2.52092127196103,0.7297010891376308,-3.0,17.13395638629288,31.746031746030752,0.002550381663006221,-0.05010597019077068,-3.204401081111109,0.6660816214783738,8.875608927547223,0,1,-0.014128571655000834,-1,0
-2.2981467919970955,0.7281514594955532,-3.0,23.121387283236544,49.717514124293395,0.0033919894662267957,-3.8757149622847464,-2.2734877730415746,0.7800093509140384,0.37930430241556995,1,0,-0.8837135093157423,-1,0
-2.3118567254930156,0.7268447628181776,-3.0,17.021276595744467,47.5409836065571,0.0034500319181747043,-1.7912086660271598,-3.2684147252526374,0.7559118325065273,0.21111912559915033,1,0,-0.40381515820258085,-1,1
-2.1493768764836627,0.7261791972385333,-3.0,19.327731092436807,48.93617021276632,0.0034886055616905917,-0.9118867155817725,-3.215447993096336,0.6427242727149819,0.22181344309721157,0,0,-0.20377356772777047,-1,1
2.389318441902456,0.7334336093905973,-3.0,58.981233243967786,26.562499999999773,0.002687192241447083,3.8067769703295653,3.754728837822108,0.38034915546107845,0.7965737269292807,0,0,1.0328464648180986,1,1
2.137977185960367,0.7337767307109286,-3.0,52.07756232686979,13.903743315507668,0.0026076132290765003,0.4675534614218577,3.1809311344929485,-0.009807102505096234,1.3319101307965207,0,0,0.12974724400210114,1,1
-2.6802764457807826,0.7288456176577599,-3.0,60.56910569105694,73.07692307692263,0.00203043515431308,-5.960381076541125,-4.952343805340933,0.3400366199192369,2.013786834129968,0,0,-1.9634196487429536,-1,1
-2.30564822105263,0.727731344252844,-3.0,74.83443708609249,85.1405622489965,0.0025075686840392675,-2.5406746359767567,-2.6643385166318923,0.7176358654788872,2.4347607932716606,1,0,-0.7193012113988806,-1,1
-2.1391946816046428,0.7251527185685983,-3.0,30.71895424836623,56.89655172413815,0.0027217963147798336,-1.5274847281432358,-2.539716860367457,0.015055351418833336,2.106661948383011,0,1,-0.40771756327941255,-1,0
-2.1008094690756423,0.7241156667582541,-3.0,40.2390438247017,69.13580246913588,0.0025444482192401446,-0.9241156667582118,-2.124443573494523,-0.18138906250254735,0.9661345628923429,0,1,-0.25901139809038887,-1,1
-2.9073495816789268,0.7205651111568403,-3.0,32.24637681159467,73.54497354497367,0.002740571088215913,-4.948429977974342,-5.022543000205724,-0.504925938019386,0.49473655893627994,1,0,-1.3158218364983956,-1,1
-2.4401046572714695,0.7239549876427019,-3.0,48.48484848484871,73.72262773722659,0.00298886515089346,-4.138022506178572,-2.1666559604566373,0.6091114002769576,0.8294232549744831,1,0,-1.0299078237600043,-1,0
-2.246673621205559,0.7237106029732073,-3.0,49.12718204488772,76.00000000000024,0.003054255454532587,-0.34082378386517576,-2.205606020979121,0.6093340173985814,0.45034311537361343,0,0,-0.08341840863832999,-1,0
-2.8894521107008444,0.7212680817796989,-3.0,45.707656612528915,82.05128205128224,0.003228069678114306,-3.4097753144916396,-4.549722374262887,0.4126950556970543,0.45567922448128245,0,0,-0.8016264383355698,-1,0
-2.4975094478944824,0.7206260753204393,-3.0,45.9584295612009,82.16560509554174,0.003248041257562219,-0.8971269355768072,-3.7256904033652516,0.29591065388884624,0.3288252632447628,0,0,-0.20985425393609597,-1,0
-2.2942500082813813,0.716658252045791,-3.0,61.029411764705955,71.54150197628499,0.0027851745232097746,-2.5366380569557805,-2.3959636488378693,0.7142161983463213,0.5711566496371552,0,0,-0.673869692549925,-1,1
2.7372748768865356,0.7215720163307292,-3.0,69.99999999999967,47.05882352941176,0.0021597345385891676,2.885117694718133,2.8146827977342355,0.8469647356217586,0.8604946127370819,1,0,0.9138381838473715,1,0
2.7612794624211814,0.7228672320327219,-3.0,78.82352941176457,51.61290322580661,0.0024013795462319043,1.7928319199181715,3.524533051580852,0.7823253128921532,1.3894088014981427,1,0,0.5261980477747249,1,1
-2.084707477392491,0.7163222769048078,-3.0,40.944881889763465,65.06849315068487,0.002555892193041657,-2.0028511876668063,-3.100442088585828,0.5196498876148392,0.8588092338586394,1,0,-0.5653208997446628,-1,1
2.7493817867531076,0.7236151854099347,-3.0,75.38461538461547,70.81712062256814,0.0037090094179053554,4.529154443770267,5.109247799878676,0.7745244192587711,1.3042897692620472,0,0,0.9563825371460617,1,1
2.452856998485995,0.724160250362897,-3.0,75.38461538461515,64.0316205533594,0.0038310914353822416,0.7586564005806622,4.04899230043552,0.7178846552174851,0.7957476898424513,0,0,0.15619396482543096,1,1
-2.6577591938424976,1.3494115815621703,-3.0,47.67441860465136,67.2794117647056,0.0031884482884996135,-5.716940224123164,-3.782222820645484,0.22537272677457554,0.28139796683798357,1,0,-1.2090205912042895,-1,1
-2.3771005009965274,1.3486049021270778,-3.0,61.57407407407388,79.11764705882288,0.003521255245393196,-0.6990010791464556,-2.9543782951453066,0.7883554624087332,0.47439488914227496,1,0,-0.13610591249026893,-1,1
-2.6640387538758112,1.3435851720105085,-3.0,76.35782747603818,87.79599271402512,0.003981996548936337,-5.75588737842304,-6.267767625182524,0.9333484278487008,0.3413807095741234,0,0,-1.007280291224029,-1,1
-2.273458729405934,1.3429267548130976,-3.0,76.58227848101248,88.30715532286173,0.003983655561448347,-0.5800974567382582,-5.854921576709785,0.9383721564966327,0.7366504380076201,0,0,-0.10139031703290388,-1,1
-2.8673811570341634,1.3320824703848433,-3.0,16.6666666666668,42.19409282700414,0.0035552682611506114,-9.002063923864853,-6.58123835431893,0.6918010250480676,1.1933417219012512,1,0,-1.7431382425187831,-1,1
-2.2625264849898343,1.3326122775297233,-3.0,11.284046692607234,41.66666666666667,0.0036614389455055835,0.46598166365311045,-4.467777092604274,0.8372724894392916,0.6320591943218314,1,0,0.08815869312356144,-1,1
-2.267984338225796,1.329483081859197,-3.0,20.833333333333826,54.09836065573771,0.0038147967875395363,-2.7485704847381385,-5.096771520378025,0.4365668508290901,0.3710429964753135,1,0,-0.5016947429769757,-1,1
-2.0491584841154102,1.3281312019092337,-3.0,22.222222222222825,55.128205128205195,0.0037283476060723988,-1.1937574422911439,-4.217362789861272,0.03462363598617938,0.25180011896207793,0,0,-0.22194693482172675,-1,1
2.0887651315453653,1.3477497467875232,-3.0,83.82352941176454,33.84615384615415,0.0024241551459293583,2.825949544217565,4.471209686016573,-0.6298127387354365,1.3259553746280592,0,0,0.7272664268206926,1,1
-3.2932234623929384,1.3242877167525826,-3.0,46.40718562874234,63.583815028901725,0.003797111745324055,-14.824152268737407,-12.052863150257826,0.10564118411198278,0.8454925994138681,1,0,-2.7307648916095144,-1,1
-2.187382758405454,1.3237884865126444,-3.0,45.348837209302175,61.90476190476178,0.0041263028816677,-4.447576973025434,-5.054162917331633,-0.3209666404498732,0.5107570161505429,0,0,-0.7658804135591136,-1,0
4.044219166758935,1.3504308220048955,-3.0,75.92920353982316,57.83132530120459,0.0061953656994979634,26.69743537669933,21.542047636894903,0.51984922922356,6.851960480816136,1,0,3.170178925138159,1,1
3.0696527365128605,1.354860467821999,-3.0,77.48344370860929,54.54545454545482,0.006494586853957993,3.929027906435522,18.819340695915663,0.6392996052193982,3.126851252785658,1,0,0.4461183348750772,1,1
2.297765501291219,1.3529843821646228,-3.0,74.88000000000011,44.91978609625706,0.006618173145719082,-1.6646281121038555,11.723581258597369,0.6113598265918143,1.7068907788397427,1,0,-0.18643834855563116,1,1
2.004089974666596,1.3542408157323669,-3.0,74.13509060955532,44.21052631578943,0.006753615240638561,1.112544489439415,6.803649182811796,0.5357498795735697,1.357950249979,0,0,0.12235367519365069,1,1
2.1602473529839763,1.3584416136619037,-3.0,84.00000000000063,52.40000000000011,0.003025279734770004,6.366103821556408,6.2642077281521775,0.09308899198061438,0.7228339664514875,1,0,1.3690545852809453,1,1
2.082686437083249,1.3600451263001045,-3.0,80.76923076923131,46.2897526501768,0.0031416716064019104,1.4240970215450943,5.574435649777024,-0.23399167334563603,0.5370575463391616,1,0,0.2975725119646455,1,1
2.3266620326762664,1.364563897686839,-3.0,83.49834983498397,48.47457627118666,0.003346277782368011,4.003664297197247,6.922606693300532,-0.38027787564447635,0.6572908205525838,0,0,0.792804811326187,1,1
2.0827984690869474,1.3650668257032377,-3.0,81.45454545454615,45.94594594594578,0.0033229454399509046,0.4460267302815737,4.604122720739224,-0.4782693738966826,0.8645712050833714,0,0,0.08882466890386935,1,1
3.467872211583455,1.3654607785279937,-3.0,74.53083109919568,58.83905013192611,0.004094333442515585,12.129324056347059,11.144663358906246,0.8420951643506744,2.8047819577160955,1,0,2.0215540093911653,1,1
2.547090883091337,1.3619881416361408,-3.0,66.2835249042149,35.64356435643555,0.003144290569440302,4.9171928849816595,6.679502964590983,0.2729425426724372,3.03649813981657,0,0,1.0064429881541328,1,0
2.2721150230108345,1.3637364361845357,-3.0,62.41610738255079,47.54716981132041,0.0032887145165012826,5.2136813962829365,5.042714263295966,0.4110776190738739,1.8233033890505115,0,0,1.0280498527881814,1,1
3.2907361978858614,1.3779025818846564,-3.0,70.12448132780119,45.985401459854295,0.0042834267413931195,16.826741549130702,12.441449401152658,0.12651720259300545,1.5869064024020971,1,0,2.649880558918218,1,0
2.8374751406751164,1.3824838634629868,-3.0,76.8248175182483,59.80707395498425,0.004749406324209482,4.1525484096111995,12.878901625286062,0.4987110000711282,3.047000888388057,1,0,0.5956524358048844,1,0
2.6651745619083935,1.3883334458319636,-3.0,79.14614121510691,61.059190031152696,0.005007573531074092,5.319916571042995,12.678383098211224,0.6928354261706245,2.258219764419391,1,0,0.7259145418577178,1,1
-2.3540472819841867,1.3779894348197284,-3.0,30.952380952380494,45.92145015105735,0.0032111653239532845,-3.924878341380463,-3.612725948310299,0.8682487567864124,0.7688827684031762,0,0,-0.7783044869592921,-1,1
-2.682913958849494,1.3712088690884487,-3.0,22.27722772277191,37.278106508875766,0.0037780779886886894,-5.868560443454271,-6.947808656476991,0.7777521667154719,0.36759934144387213,1,0,-1.0269980776044916,-1,1
-2.333744787176355,1.3701167190487833,-3.0,27.777777777777473,44.06332453825852,0.0038105140480570662,-0.9937976335743315,-5.915956403525252,0.5880805905673647,0.451063123490314,1,0,-0.1724060330860044,-1,1
-2.8349494487498585,1.3623665605274433,-3.0,56.71641791044743,63.31775700934585,0.002653799758745492,-6.487099681582549,-7.505489395006498,0.7442786619821417,1.3609477300525217,1,0,-1.5086278329261675,-1,0
-2.2558989543357337,1.362630133820888,-3.0,55.970149253731705,66.42156862745102,0.0026884808934028916,0.24065753345530538,-5.254257521901399,0.7388668596643791,0.6324813839411592,1,0,0.05541456362457673,-1,0
-2.2592890549266538,1.3604288869121575,-3.0,55.63909774436082,68.13953488372081,0.0027399620885748908,-2.008664774713907,-5.016731126276409,0.7322155281860311,0.4837290252394608,0,0,-0.4557748273256819,-1,0
-2.456925611476881,1.356340687577071,-3.0,53.90624999999995,74.36974789915965,0.002796504082781143,-3.736839097110078,-5.389038460923302,0.7386426301748436,0.4944292320109831,0,0,-0.8343819355588624,-1,1
-2.3852488559665947,1.3536967747521578,-3.0,55.769230769230774,78.78787878787918,0.0027336720049206224,-5.282471937746095,-7.359737035542594,0.16362739165161633,1.1575084198343373,0,1,-1.1928162440071783,-1,1
-3.1463738577687708,1.3448202848001298,-3.0,52.91970802919734,83.52941176470624,0.003090467447456367,-8.224101424000537,-11.655456566689008,0.01681485165232523,1.2173050470147786,1,0,-1.688231963871071,-1,1
-2.4822398586709586,1.3448404849934352,-3.0,64.63022508038574,85.97194388777584,0.0032810708325291724,0.01891198727707888,-8.04735424369269,0.42200712604157914,1.781625703006571,1,0,0.0036875741208788693,-1,1
-2.0339242296265416,1.3339417472102553,-3.0,45.04132231404945,61.87214611872164,0.0029203794193733675,-3.5011864070602314,-5.2815332029699675,-0.1188041849786796,0.820546945156893,0,0,-0.7564291620191891,-1,1
-2.0210266418786746,1.327417647407646,-3.0,43.629343629343296,70.78651685393237,0.0033827319587629106,-8.414994706963853,-8.652510118875034,0.2745378464467683,0.40922824529548546,1,0,-1.6182682128776549,-1,0
-2.93062510090899,1.3178287160497155,-3.0,33.19148936170194,51.54320987654323,0.002261529763347093,-6.933331739507139,-7.192557783704023,0.18659833723012917,0.9765418155560904,1,0,-1.8245609840808088,-1,1
-2.2373824498485813,1.3183368812180407,-3.0,31.578947368420813,58.80281690140856,0.002391349552921637,0.47750532182703864,-4.589447764832675,0.3869331927095089,0.9849555982585787,0,0,0.12066921490213854,-1,1
-2.2532120437154486,1.316593093103886,-3.0,33.20158102766811,54.296875000000135,0.0025745226165462486,-1.6356972222420154,-3.6824227477589373,0.19637286492618375,1.1371485328182187,0,0,-0.3907809063376789,-1,1
-2.021620164528915,1.3159823726431563,-3.0,36.70411985018703,57.91366906474845,0.002686932054061555,-0.5739735589650081,-2.6362022774564595,-0.0601707332721625,0.6556383863240379,0,0,-0.13260115223613972,-1,1
-2.098539538058242,1.3177183709365283,-3.0,46.41833810888248,60.897435897435955,0.003264812575574381,-6.561504506307983,-3.6983686656964894,0.23842886321360396,0.4887368374283556,0,0,-1.299307823031279,-1,0
-2.506854730298645,1.3141375513744586,-3.0,49.27953890489913,66.66666666666666,0.003239430136481863,-3.3709470419669287,-5.749484152935747,0.3253253295203861,0.1827282614708103,0,0,-0.6713123554414918,-1,1
-2.036919661410084,1.3143764865974106,-3.0,48.115942028985245,65.20912547528519,0.003257478964513042,0.22575059463883917,-4.03687370036946,0.4088757502001288,0.3467781345170815,0,0,0.044766406868891676,-1,1
-3.7655237673550497,1.2963885474576315,-3.0,17.467248908296227,56.14457831325291,0.002662983940516996,-16.93592780703375,-14.255778360152453,-0.20368323069052524,0.7829557803000319,1,0,-3.971574360108399,-1,1
-2.493001785596255,1.3000211770231607,-3.0,18.018018018017514,55.21327014218022,0.002757117209540932,3.4350624722183056,-7.858056330881572,-0.43790953100918006,1.6568398648831455,1,0,0.7845167146991183,-1,1
-3.0646687520719755,1.289084692369682,-3.0,64.7619047619051,66.43835616438363,0.00145250877315299,-6.432148869559342,-8.964920305816577,0.03791311677349005,0.6216068308604578,0,0,-2.3089765172777126,-1,0
-2.448005140241985,1.2887910738115025,-3.0,56.47058823529475,64.29872495446273,0.0014173027103010077,-0.2799559832151317,-7.015893745558742,0.21292277878501498,0.7714745566351809,0,0,-0.10206728554718321,-1,0
-2.52213065566757,1.2853548967627713,-3.0,41.739130434782545,65.85820895522392,0.0015904086126743307,-3.2786612758095544,-6.843110512414432,-0.2844039732697511,3.2415692177476765,0,0,-1.1114106019693417,-1,0
-2.711866234731663,1.2794648633969468,-3.0,27.86885245901651,65.98513011152421,0.001715686274509809,-5.618528374341395,-7.849439400575875,-0.5781320301509919,4.079616386259353,0,0,-1.8124285078520592,-1,1
-2.0392299800580864,1.2811127198983485,-3.0,38.9380530973453,68.5328185328186,0.0017142857142857194,1.576500723954041,-3.4798242814699734,-0.6824624676674269,2.1007060913682096,0,0,0.5085486206303348,-1,0
-2.1164766363268708,1.2771575094153667,-3.0,29.20353982300999,78.92644135188873,0.0017158264564098424,-3.7820307697720636,-4.981807473161643,-0.7617621829545821,4.541127463551016,0,1,-1.2200099257329213,-1,1
2.264595372000891,1.2890364414353508,-3.0,30.48327137546508,21.553398058252597,0.00307408186642354,8.847175722951988,6.528105615274353,0.7623646903577662,0.6796531496710239,1,0,1.8597666684884084,1,1
2.148027682897806,1.2898657838275853,-3.0,27.500000000000313,22.424242424242493,0.003218557618033286,0.7862517000808111,5.220640336464112,0.8194710532803136,0.4593848566576063,0,0,0.15952933045117906,1,1
2.4005393926394065,1.293108887129175,-3.0,31.071428571428783,23.17327766179565,0.003157451585742352,3.0689742194065275,5.609850592556313,0.857253887154547,0.21756616262334386,0,0,0.6318476334072262,1,1
-2.172769874708938,1.278241287998999,-3.0,35.25179856115092,42.72300469483611,0.0019526897862009898,-3.2090981251985795,-3.634935765279033,0.2540120412722953,2.269969264638055,0,1,-0.94983876855772,-1,1
2.131304617548214,1.2837844659271862,-3.0,82.26600985221643,66.29213483146059,0.0028497138678336186,1.9952694175913166,1.5262140197146437,0.9815498239876435,1.4097626091477597,1,0,0.442690520543242,1,1
3.062008962133582,1.2864920890126226,-3.0,72.8205128205122,56.62983425414357,0.0030231855073137703,5.030827058136538,3.820881504367344,0.9069379515179092,0.39953442531482314,0,0,1.0671451335441178,1,1
-2.2368402147445,1.2770143798144993,-3.0,48.83720930232601,59.75609756097569,0.002300015139340171,-1.2216115038518183,-2.8590974654457115,-0.009561753900790606,0.9379014561917255,0,0,-0.3196740383911287,-1,0
-3.076747344820409,1.271939054159398,-3.0,14.728682170543237,48.72448979591836,0.0021531240833089042,-5.714950122053551,-4.4384182837521164,0.8199973914029963,0.2645157444143642,1,0,-1.578092735872767,-1,1
-2.359162023691328,1.2721294342513108,-3.0,20.28985507246351,45.081967213114865,0.0025319720076428204,0.18229645259907556,-2.923277660550684,0.7700076705050479,0.4201398534910634,1,0,0.0446180128738994,-1,1
-2.2660525716530104,1.269470442037988,-3.0,39.01345291479787,59.712230215827276,0.00325445515629565,-3.3077881768151656,-2.3183490111841367,0.49694924686151754,0.22240942216748286,0,0,-0.664405085730449,-1,1
2.3867691351608653,1.2852082664910325,-3.0,61.90476190476199,52.668213457076476,0.003913577102100358,5.927458186280319,5.843764514485747,0.5891273335822371,0.5121474898964637,0,0,1.016965865293193,1,1
2.0542944547476245,1.286992689346454,-3.0,68.55345911949655,66.08187134502933,0.0034767141009055787,2.3556087727840804,2.3267305273410783,0.9058384597924315,1.008047387932756,0,0,0.44445448543095695,1,0
2.313680676133654,1.2901713303092837,-3.0,70.73170731707263,71.71717171717201,0.0034777092104504403,2.900000000000091,2.6399999999999637,0.7989369138295012,0.456158641252042,0,0,0.5464333781965165,1,1
2.667828147091424,1.2930566825682925,-3.0,70.09345794392465,66.09589041095916,0.003512974971493098,2.769792511926198,4.24532004176117,0.5936937098477241,0.9523133515901144,0,0,0.5170279355595538,1,1
2.333802515563981,1.2938173780673596,-3.0,70.27863777089729,60.714285714285964,0.003249367379802189,0.7296369664495614,3.3953601768252155,0.40417475331238706,1.816513691928606,0,0,0.14489244723820985,1,1
2.860642121827064,1.295667326379015,-3.0,69.34673366834151,41.46341463414615,0.0027289231816634593,5.580034850671609,7.040374494426987,-0.029934347071626528,2.5763277586931954,1,0,1.25797887132693,1,0
2.2410978533034203,1.2952674939438877,-3.0,71.87499999999993,49.72677595628439,0.002899126290706918,-0.38858024818296144,4.294320992732719,-0.21431694823435568,4.164795556545987,0,0,-0.08356564477052918,1,0
2.11410885564326,1.3035025106933906,-3.0,84.04669260700413,46.226415094339146,0.0036695075757575838,3.234824874465403,5.025681205132878,-0.4180139632236987,1.6756625778694676,0,0,0.5725353760115747,1,0
-2.672986771911341,1.294613120962791,-3.0,21.556886227544595,52.88888888888875,0.0031733439111463965,-6.160607235466159,-4.0586033234581915,0.6450494897433582,0.7567196738539781,0,0,-1.2321214470932238,-1,1
-2.0499826539966324,1.2951844202321572,-3.0,35.820895522387715,58.43137254901944,0.003226462644230247,0.5563166124543386,-2.6613380940033493,0.3896942343930605,0.22967816784390097,0,0,0.10954194900647961,-1,1
-2.2468240182299817,1.2900046028890795,-3.0,71.15384615384656,85.38961038960996,0.00261674038558937,-2.802510356500534,-3.7583150514474255,0.8307772749511763,2.257989739910079,0,0,-0.6485147932397906,-1,1
2.442071102290813,1.3032736066896282,-3.0,79.60526315789464,68.53658536585382,0.002981066051508389,7.759851819262394,8.274922809711871,0.31669772992700923,1.4374509141352547,1,0,1.609450747698856,1,1
2.022998840544675,1.3031305690569706,-3.0,72.16494845360813,59.79381443298964,0.0031082589285714437,-0.14077373177315167,5.720626113811477,0.2810135458772502,2.404521428234045,1,0,-0.028275928907089177,1,1
2.135206406207024,1.3095359044585826,-3.0,67.44680851063822,41.911764705882,0.00415554072096131,4.3928607713376095,5.600958670318505,-0.25511458327413017,0.47541468655213853,0,0,0.6933489379788746,1,1
2.489574785500805,1.3124197266627382,-3.0,34.70319634703209,17.870722433460287,0.002570780287703859,4.684057920317855,4.255325580452018,0.6938877107198058,0.593754939406021,0,0,1.092946848074162,1,1
2.3526484372459144,1.3134328251605447,-3.0,46.26168224299096,25.475285171102882,0.0025828982014549124,0.9865671748395926,3.9641790852890155,0.6537274032706536,0.6009336390683454,0,0,0.22905373876872726,1,1
2.762014297099167,1.317060598885895,-3.0,45.75471698113228,19.097222222222257,0.002597402597402618,3.5365621079388347,5.565822103203573,0.5237680275592166,0.9263733552556154,0,0,0.817027549688835,1,1
2.1603827419776223,1.3166340956562037,-3.0,45.539906103286796,16.88741721854285,0.0027066846740258976,-0.4150293139093719,3.1229276923567797,0.5264314042919769,2.2335109471503607,0,0,-0.09296656631569862,1,1
2.331805806534572,1.31555777854993,-3.0,63.35616438356155,53.937007874015734,0.003401095908681651,4.805332666435106,3.4698629320361762,0.7386744453748133,0.901923542662072,0,0,0.8946098049214369,1,0
3.11856281355848,1.3210002503027658,-3.0,65.14657980456042,53.100775193798725,0.0035356838056814503,5.317300325393717,7.125680020024356,0.6134637969981908,1.25475475028612,0,0,0.9568406755207264,1,1
2.574702844861371,1.3219416978020155,-3.0,62.54071661237744,44.31818181818184,0.0035711513081282432,0.9185242071423545,5.595790214614999,0.4688969292395628,0.9425066562127374,0,0,0.1640221798468493,1,1
-2.0793431437869336,1.309451323127726,-3.0,11.627906976744185,27.675276752767388,0.0023989728341667614,-2.276523913612209,-2.961219130889822,0.9230133317683522,4.296927609958928,0,1,-0.5630977878192776,-1,0
-2.4455817563143376,1.3061792314086558,-3.0,13.736263736263695,37.57961783439511,0.002297788941327534,-3.169521193810624,-4.447303784129554,0.9149395460103152,6.572774525610184,0,1,-0.8097316918494302,-1,0
-2.018428802629091,1.3065896625425255,-3.0,5.555555555555557,31.481481481481538,0.002565114443567495,0.39856656130541523,-2.8491698521930173,0.934290774334029,2.9400084965020303,0,1,0.09378036736597971,-1,0
-2.133250190689767,1.3049056006597717,-3.0,22.018348623853043,46.116504854368884,0.0030223021178585703,-1.6330563231008455,-2.794716801979348,0.8349705078186658,0.4192833906282445,1,0,-0.33720927025680975,-1,0
-2.237508178290134,1.302528359795837,-3.0,20.171673819742736,49.875930521091924,0.0033017222953438683,-2.3163905978876755,-3.301116034944607,0.6792049403914938,0.5353665254308286,1,0,-0.4460724672686002,-1,0
-2.315881933148696,1.2996009720183308,-3.0,20.940170940170475,57.54060324825988,0.0034193033169491946,-2.8540622842431276,-4.237471722830196,0.4503017377051262,0.35609947637324046,1,0,-0.5341827804733098,-1,0
-2.096110920962749,1.29513134582135,-3.0,29.999999999999915,63.578947368421154,0.0037226983377196096,-6.4673414991355,-4.620465141383375,0.11214130175368875,0.2840555787073153,0,0,-1.1289623564575648,-1,0
3.3022650527625057,1.2977513222629644,-3.0,74.46808510638306,71.55172413793078,0.003959332395645313,7.235112433887025,6.938152118389826,0.9237052447927432,1.0143815919589179,0,0,1.1846967728002082,1,0
2.029128190715961,1.3101625702373332,-3.0,48.412698412698916,12.23021582733837,0.0019890519037276642,2.9994714536883293,2.9167438167478847,-0.417795526383047,1.7194759719795134,0,0,0.8415350771871087,1,0
2.369937048508393,1.3192439701542729,-3.0,72.57383966244774,20.66666666666727,0.0025305870962063198,8.182869434322583,6.637841929550677,-0.4843817295295213,1.7023028785586816,1,0,1.9093362013419362,1,1
2.0794906573904632,1.3199389551678864,-3.0,69.54732510288088,23.664122137405172,0.0027635562895678527,0.6839267462014504,5.397558489514177,-0.556329887271039,3.3950429217552176,1,0,0.14914290415607942,1,1
-2.3020415490731625,1.3145521427329758,-3.0,39.01515151515155,53.15126050420168,0.003356563947274693,-7.04083924960878,-6.202999742524298,0.725200075729621,0.3072446554566714,1,0,-1.326672267759386,-1,0
-2.275434627040118,1.3134007095919569,-3.0,30.882352941176165,39.60396039603974,0.0034082668600435304,-2.0746397161631194,-4.231628298028591,0.4295029430035839,0.2994106038656535,1,0,-0.38675041313293645,-1,0
-2.097094021316438,1.3127753369601298,-3.0,29.05660377358508,44.963144963145055,0.0032943878347343383,-0.6096916375040564,-2.7596475835904584,-0.09248168556751632,0.24828563694158337,0,0,-0.11676720827711044,-1,0
-2.1867062297524926,1.3107761924510657,-3.0,32.21757322175739,49.5934959349591,0.0031847845521187326,-1.9513790460391647,-2.5660904280381147,-0.30290834472073724,0.7247158034559609,0,0,-0.38477896682462276,-1,0
-2.1757457950368866,1.3074682185158417,-3.0,40.39408866995105,66.84782608695636,0.00288194095372141,-3.6185248883248278,-3.5618034916605668,-0.530582303910449,0.44170842587936965,0,0,-0.77224616519127,-1,0
-2.272952365348294,1.3044852501601496,-3.0,38.265306122449154,74.8148148148147,0.0027852510074906126,-2.9177829629566077,-4.73444762312306,-0.5540067089708763,0.5891087240988458,0,0,-0.6392638729482364,-1,1
2.4482922493935972,1.3138730239753575,-3.0,50.799999999999734,36.749116607773935,0.0023831796516548473,6.981763513534588,9.026295589018172,-0.6136247200076506,2.007145041976379,0,1,1.7208572040402237,1,1
2.0298655757735005,1.308620408436891,-3.0,30.522088353413736,16.831683168317184,0.0026062684960989914,1.4468963267495383,2.869120489990246,0.8124077386611127,1.198900609724499,0,0,0.33481898470237376,1,1
2.1928876975337444,1.3112528076791277,-3.0,44.38502673796743,15.789473684210364,0.00235891344300506,1.9291297730544557,2.7462167957490236,0.22494111425471505,0.5981810566179058,0,0,0.48142275976403603,1,1
-2.6530738940200815,1.2929230969173362,-3.0,15.068493150684006,39.0109890109889,0.0020398449717821832,-1.852523083921369,-4.273735391013633,0.4757000875143929,0.5364943944125452,0,0,-0.5187064634979763,-1,1
2.4421418865227973,1.3080405415790957,-3.0,33.1103678929768,20.12578616352218,0.0033477702372426963,4.630179063764672,4.937620276937878,0.7071356224857456,0.4917327525048469,1,0,0.8891976254143336,1,0
2.0359600114569214,1.307828258869827,-3.0,36.84210526315793,24.48559670781904,0.003281853281853305,-0.20400249770023038,3.277504947963007,0.7083851922618231,0.21996124500033076,1,0,-0.03977764579113105,1,0
2.071486480093184,1.3105929879567149,-3.0,32.0512820512825,18.532818532818382,0.003450902806203694,2.9556563265157365,3.0347237048377793,0.7598552904284603,0.20504930410158864,0,0,0.5539382673523431,1,0
2.6610604698410762,1.3179939576394775,-3.0,41.317365269461234,16.754850088183403,0.0034915092842406174,7.094984894098616,7.300259093432532,0.5915321636764852,0.21745358754493405,0,0,1.3138860914997372,1,0
2.1587170535139046,1.3179033365963766,-3.0,44.230769230769425,16.21160409556316,0.003388656797747722,-0.08672566242489665,5.318093945014925,0.5236870349507586,0.4368456271612547,0,0,-0.01647434564380663,1,0
2.333400139358727,1.323643551013999,-3.0,51.07033639143738,14.239482200647174,0.0033865286382530604,5.481104924477222,7.777190445282168,0.3252327996823721,0.33397762210710985,0,0,1.0397760019333457,1,0
2.1872245571307163,1.3267805172384308,-3.0,51.07033639143704,13.946117274167946,0.003412679547692619,2.9891878534433545,7.076999615506748,0.0671982123288454,0.2128865349977663,0,0,0.5632386264899998,1,0
2.1876490006384883,1.331928288468319,-3.0,56.36363636363647,14.28571428571425,0.003367992766726939,4.896838649053734,7.901285344833605,-0.16550677918994378,0.29033817175765736,0,0,0.9314638734613092,1,1
2.3879872932943083,1.3420483560553338,-3.0,60.85106382978726,35.937499999999986,0.0027718550106609987,2.8671024178029256,4.072288182038119,0.12236830082068398,0.29845254934251175,1,0,0.6331140985684661,1,0
2.5456748449993314,1.3473293884746622,-3.0,58.62068965517245,23.469387755102275,0.0028820382851311673,5.662025246373105,6.024316054996916,-0.40912313625179475,0.3546680957825893,0,0,1.21205433408598,1,0
2.6363392786716697,1.351622215463547,-3.0,66.97247706422013,36.07594936708874,0.003239656518345051,4.058850015206872,6.96374044552581,-0.5342256845878105,1.4088941878783772,0,0,0.7881262165450221,1,0
-3.323759085008993,1.3361890300111767,-3.0,55.865921787709055,86.06271777003543,0.0033955098849547233,-12.687370467580877,-7.656791496465712,0.3874365454059681,1.2172889005476686,0,0,-2.3746415313654277,-1,0
-3.0682906564757455,1.3317970418538352,-3.0,39.37007874015788,70.83333333333346,0.003736039012112593,-4.203917543272382,-9.329815225845142,-0.06126065490942621,1.2884116035691588,0,0,-0.7311160944821596,-1,0
-2.4678926551054645,1.3313426630631071,-3.0,40.000000000000185,72.9372937293733,0.003816793893129738,-0.43373146738758805,-7.2576111956758265,-0.29801957372640747,1.7984340690855347,0,0,-0.07414213117736601,-1,0
-2.425391214932,1.3278654647687447,-3.0,40.80000000000035,79.42028985507258,0.0038330541910681607,-3.318843481637032,-7.1267130793879,-0.4984536354344134,0.6264269648997332,0,0,-0.5652531477240731,-1,0
-2.5680012819241,1.3213600493489424,-3.0,44.15094339622622,84.5315904139435,0.0038104965430546494,-6.2263643034962115,-7.9824514921458105,-0.5639572187148347,0.5132593996211765,0,0,-1.0643357783754284,-1,1
2.2692171319697447,2.1825161224219696,-3.0,59.932088285229106,41.801385681293226,0.0038727746621372745,5.699232265335922,6.164093561277241,0.5272330412070514,1.4419288613158565,0,0,0.6156578064406072,1,0
2.094251600536607,2.18662704742851,-3.0,62.239999999999874,44.33734939759034,0.003994064052086622,5.274650818971622,5.705099550634259,0.5561885581740109,1.2986291333603126,0,0,0.5531469023640634,1,0
2.025184275046684,2.1893012261294635,-3.0,62.118780096308164,42.28028503562952,0.004018358185024873,2.613580735677715,5.890288196180791,0.5861775288129829,0.4384229530832819,0,0,0.27245070960154755,1,0
2.351788853356024,2.1975421562809614,-3.0,73.68421052631625,46.35416666666676,0.003997656660874903,8.0493855390705,9.86864818595468,0.6398998112750879,1.4495457017362776,0,0,0.8403534492691028,1,0
2.242517596607851,2.201864899790472,-3.0,78.93890675241167,44.67005076142131,0.003968992660355299,4.221118939874486,10.311771654801305,0.7418341140187094,1.4424618461914869,0,0,0.4429959906914735,1,1
-2.119149553493525,2.1817442200397292,-3.0,51.59705159705182,68.42105263157895,0.003294909381663131,-4.3453953760317745,-3.756300029234262,0.7713106354587574,0.796142624120606,0,0,-0.538844422182857,-1,0
-2.0215964838486786,2.1805873790157673,-3.0,49.29577464788743,66.57894736842113,0.003414539804064121,-1.136794417344845,-3.4376525729770036,0.6549942894105052,0.5851761389587503,0,0,-0.13672785088339998,-1,0
2.310046461585941,2.1927587768294963,-3.0,67.5555555555554,43.41637010676152,0.0022292358803986984,1.8578276330486005,6.57539005645167,0.5127281752494511,2.2770249158093296,0,1,0.3207100722895209,1,0
2.559510430070535,2.1976130199300004,-3.0,56.04026845637556,39.16666666666679,0.002653765216696436,4.847349005628985,5.323568897093901,0.36928227734395913,0.7327228756637534,1,0,0.7242570552700668,1,0
3.0510747365618376,2.214150379963854,-3.0,81.58995815899671,54.43548387096784,0.002145497755479286,12.046462405009152,9.681415037996521,0.22174909202224646,1.0694236453417043,1,0,2.1348161224066726,1,1
-3.2169307659704387,2.187013902319136,-3.0,50.3105590062109,71.13402061855672,0.0030124483532834785,-11.638704914160826,-13.628160484758336,0.06263036456088654,1.6022287005735558,0,0,-1.5562738185124272,-1,1
-2.6821864006511946,2.184851744235613,-3.0,48.502994011976035,70.40816326530597,0.0030532421573584013,-2.126059302305748,-12.458739593210794,-0.26699112172742745,0.8669295728119257,0,0,-0.2813310986037835,-1,1
-2.096798144363507,2.1859779231773957,-3.0,45.569620253164715,71.67919799498765,0.0030202145050038055,1.107011038411656,-6.654243704102191,-0.33504406953316085,0.9490499232120782,0,0,0.14774217862500574,-1,1
2.057467599183734,2.1991713139764695,-3.0,50.0,28.45528455284537,0.0018639607671145759,7.839834262795648,7.954607807480715,0.20198948740776587,3.239727402796255,0,1,1.5657300952801396,1,0
3.0221560028597505,2.2098996258715484,-3.0,74.23935091277869,61.35593220338982,0.002979479084451487,14.686936627458635,11.308678410464017,0.3864523627531645,3.57164130773201,1,0,1.9657467761416758,1,1
2.271610125178521,2.2118901363495858,-3.0,70.77151335311555,54.60317460317474,0.004213842670079766,10.229192261388107,7.070228765013963,0.6819127760751614,0.8022045810790311,0,0,1.00567901446231,1,0
2.1183560601111124,2.21424939122029,-3.0,71.6546762589926,53.5256410256411,0.0044228928145204835,2.321424939122153,8.534310413970251,0.7799266659992051,1.1993862864552907,0,0,0.2182669519658161,1,1
2.347200293364743,2.230753458060991,-3.0,83.53982300884978,66.90391459074738,0.003966812408370856,18.142311635484475,14.609246541938683,0.655353664629024,1.583625819221675,0,0,1.863480285376246,1,1
2.0724003551334023,2.230878473049153,-3.0,83.98576512455566,57.98611111111091,0.003731876526529131,0.12322986226899957,11.176997361673239,0.6453181152808755,0.869919387286082,0,0,0.013384158818975892,1,1
-2.078275589816682,2.19711977229299,-3.0,47.37864077669921,71.32169576059869,0.003300104692976467,-6.029567965843853,-9.956408841735628,-0.11146696776075406,0.21149594074090308,0,0,-0.7308567231325882,-1,0
-2.6090949072429477,2.185781067010778,-3.0,51.08303249097497,77.9693486590041,0.003572564263973882,-11.337623682477442,-14.959367351962282,-0.15766616662987099,0.26375318044027257,0,0,-1.279022816717843,-1,1
3.2802922943062924,2.213296352934112,-3.0,72.05567451820127,65.57971014492742,0.004927314947355059,18.82977894714395,15.572327276533269,0.8662367958636331,2.1502043540523346,1,0,1.5607868872706556,1,1
2.239868179473355,2.210259840177478,-3.0,62.18568665377171,50.369276218611525,0.00548981882315218,13.619000769366721,8.11133645456166,0.9065255440390749,0.38640614780326044,1,0,1.0295140970363572,1,0
-3.295030511987359,2.176473725442484,-3.0,26.984126984127244,62.553191489361716,0.003722237767698542,-22.5911923134845,-23.808251795827346,-0.4793874791190777,0.391694951382358,0,0,-2.4632141151774274,-1,1
-2.195408573831936,2.18164686798635,-3.0,40.238095238095454,66.21621621621611,0.003814414917446337,5.2181646867989,-13.18668169455259,-0.5955732182027782,0.7922375523404316,0,0,0.5555460503055843,-1,1
-2.120404907380723,2.178180591621975,-3.0,40.23809523809502,70.53571428571416,0.003796835212804674,-3.4959986507847134,-10.447814686123001,-0.7030960366063113,0.2548646627485031,0,0,-0.3739035990144063,-1,1
-3.6775557236384073,2.169018617725234,-3.0,17.677419354838193,34.02922755741143,0.004620391021377062,-35.89860492228945,-30.21634061210334,0.6731575069619629,2.217362040787491,1,0,-3.227877128529553,-1,0
-2.513335280415462,2.1726739784574014,-3.0,17.654639175257145,29.087452471483033,0.00484112112922497,3.6921208386038415,-19.609622731236687,0.7145624441641024,1.5961854741193062,1,0,0.3184823890354512,-1,0
-2.3700348991990547,2.167536196207213,-3.0,15.024038461538112,29.254302103250595,0.005010118474566295,-5.174347852844221,-16.460214552333856,0.744080397460418,0.5940792132064704,1,0,-0.4337776643102928,-1,1
2.057870967372638,2.1910078127544255,-3.0,60.443037974683996,22.955974842767347,0.0028101861871315053,3.213488280868205,4.527975234545375,-0.3169669981884581,0.965200403230296,0,0,0.4512420855782844,1,1
2.3219518142363564,2.197525831687435,-3.0,66.30727762803227,25.684931506848898,0.0029454069957502273,6.480247416831389,8.57950516633764,-0.42319960068726736,1.4324979360969188,0,0,0.8715030147515843,1,1
2.1384048757794085,2.2001610687348716,-3.0,66.39784946236543,24.038461538461306,0.002912449988232508,2.6201771756077505,7.598078923679713,-0.5149900997747181,1.886666448358771,0,0,0.3557951547866993,1,1
-2.1739931869573534,2.1509585032151723,-3.0,38.019169329073385,61.53846153846147,0.005128730812726906,-7.718929863182439,-29.89292354986992,-0.681036005945942,1.589057043073341,1,0,-0.6390598349175309,-1,1
-2.0994767824344773,2.1466541236698475,-3.0,37.21682847896411,68.27309236947798,0.005236882996660799,-4.322639072073798,-24.265790906965957,-0.7465204718585846,0.6565338377264422,1,0,-0.351026374762375,-1,1
-2.0153567164869406,2.1427150071681966,-3.0,32.60553129548741,67.06114398422085,0.005457501161170445,-3.964520238172554,-17.35536036784888,-0.8045794101366586,1.1085714892164338,0,0,-0.3109427637782403,-1,1
-2.020316047700824,2.138473850917799,-3.0,26.273458445039097,49.86595174262715,0.0026453794039743915,-5.18387139438164,-4.5363180347711936,0.8624899369517084,1.80640312837119,0,1,-0.7761946472870904,-1,1
2.91724150508772,2.1601602620142026,-3.0,54.05405405405429,42.64392324093794,0.0033836854001100245,9.840440720538936,10.986346820986274,0.2725294656707101,0.8906820340157167,0,0,1.1866164520891058,1,1
2.5021654981409664,2.16139049055866,-3.0,58.03357314148663,41.774891774891756,0.0034530706836616363,1.2273742792485791,9.190912609791667,0.03912201171984889,0.7265733637914351,0,0,0.145251393993915,1,1
-2.071322155112348,2.1443627422288913,-3.0,53.94265232974926,60.49382716049366,0.0031793132683340997,-4.664963234002698,-10.0545318541087,0.661837008783294,0.18230500966894206,0,0,-0.5937225934185154,-1,0
-2.2635898611254475,2.1365350849091307,-3.0,49.817518248174935,71.72131147540978,0.0031813115363180868,-5.9345109580276585,-6.744878064723889,-0.02237255954750898,0.2560735481532013,0,0,-0.7559886570735771,-1,0
-2.0080541809306505,2.1358558088741346,-3.0,50.1838235294116,67.09129511677308,0.0031451553979103546,-0.6845225624570048,-4.784608972833212,-0.47401129284153654,0.49139970262822635,0,0,-0.08816297952528025,-1,0
2.621394898638258,2.1367093068672665,-3.0,46.039603960395965,27.90697674418604,0.0018902643024422882,6.059747683048045,6.526076752361223,-0.006135986958501868,1.7072775449798687,0,0,1.2033541498251437,1,1
2.4084192640519406,2.138234984190523,-3.0,46.268656716417645,26.08695652173914,0.00188057983429481,1.5244114857719069,4.952970021068813,-0.27032260898622185,2.280177070673232,0,1,0.30401368662117884,1,1
2.5979623212010376,2.142127364797884,-3.0,59.821428571428314,24.444444444444443,0.0019638097909945207,3.885787263520342,6.616237932349395,-0.5804941043034041,3.41570865808422,0,1,0.7472667814462224,1,1
2.0422761473499813,2.145016827025257,-3.0,42.912621359223245,23.359073359073548,0.003276601763236032,10.832026923240392,13.089736995720433,0.636296150593717,0.6971105893906612,0,0,1.3625191098415677,1,1
2.4372858049904202,2.1527671100531163,-3.0,35.258964143426326,20.790378006873,0.0032611628220693316,7.663835550265503,14.629650321757982,0.6512805407690813,0.35182631216523147,0,0,0.9692294282178611,1,1
-2.121015631026556,2.1221505203359396,-3.0,42.13973799126676,55.60975609756087,0.002868821847860791,-2.5245160122672132,-5.228146164597274,0.7005173180599072,0.5577727045222497,1,0,-0.3588144585963535,-1,0
-2.7621044997266266,2.113911380575067,-3.0,43.38781575037138,58.986175115207345,0.00393759792901425,-8.802520242517858,-8.890736054064018,0.3919274481021431,0.16339687022300864,0,0,-0.9508895323707536,-1,1
-2.4301394884937855,2.1119951851130843,-3.0,40.654205607476605,59.174311926605526,0.0039001294366101387,-1.90079566660188,-7.616150707268298,0.21045426170719786,0.12126195163782001,0,0,-0.2070905784624609,-1,1
-2.250199288865916,2.109684265775674,-3.0,39.60546282245808,62.77372262773726,0.0038602665357177052,-2.2945157867115995,-7.209684265775922,0.10768661282457069,0.10650216543323329,0,0,-0.252541045707251,-1,1
-2.771354806097448,2.1133746849260904,-3.0,38.301559792027504,61.64383561643836,0.0032402622130345113,-10.41904341917234,-12.708698003274913,-0.2781094573556174,2.945495278586865,0,0,-1.3345526794914173,-1,1
-2.5177868564990633,2.110647733686639,-3.0,37.478411053540505,57.44680851063812,0.003333015903247326,-2.710647733686983,-10.381212059436894,-0.4956697365666327,0.8180796420658872,0,0,-0.33883096671087154,-1,1
-2.1162656562173168,2.1104134247792348,-3.0,35.24150268336305,55.55555555555556,0.003230369554277025,-0.23312402743385974,-5.917765613894789,-0.6992347967521394,0.5127350041503445,0,0,-0.029942535633706628,-1,1
2.388445750923598,2.138953878769689,-3.0,45.12820512820478,15.099009900990325,0.0025601394458932172,13.566978618094254,8.971896730844582,0.521502549096608,2.5055966876760554,1,0,2.1293464198802683,1,1
2.1895513648895952,2.1416209847819045,-3.0,35.77235772357692,11.704312114989762,0.0027596005409909878,2.6160512838014256,8.905304217017601,0.7354484482767316,0.7991263561470698,1,0,0.3863366874812243,1,1
-2.1186606570817514,2.1128257361034137,-3.0,36.332179930795306,58.40909090909093,0.0032464422550629634,-3.2861624645711345,-10.566683642336283,-0.2926519736737598,1.294097543518002,0,0,-0.42246349406791234,-1,0
-2.2598679019470183,2.1089474879685226,-3.0,33.870967741935004,56.73758865248203,0.0033096699923254305,-3.832684246390272,-9.64948974744766,-0.5521266564406975,0.6618748166221903,0,0,-0.48514990460636,-1,1
2.037406538649888,2.129808882240939,-3.0,51.12612612612614,31.18971061093248,0.0032608098078562306,3.8622611028013125,4.90250185629593,0.6567225674572743,0.3475483905568128,0,0,0.49652576160897754,1,0
-2.2381405620689474,2.1188511442642652,-3.0,43.38235294117632,65.33018867924525,0.003227811782708524,-13.264542935255577,-6.191799387022547,0.3091396215576231,0.7322988365388925,1,0,-1.7115539271297375,-1,1
-2.4043462614267876,2.1142857931585795,-3.0,47.22222222222208,64.10748560460654,0.003605195301308416,-7.654285820764471,-8.510286025044934,0.7205165169143671,1.0894992546994822,0,0,-0.8952381076917422,-1,1
-2.6415570787191407,2.114126387894887,-3.0,26.116838487973027,33.88429752066128,0.0028276665752673276,-8.431245346079322,-8.94733456885815,0.6933441919090741,0.7832701463760687,1,0,-1.223185853317213,-1,1
-2.1201387077628913,2.1085498337110455,-3.0,66.66666666666617,79.15567282321845,0.002481084295351537,-2.2225271591078126,-4.189962208994439,0.8518806052784731,2.4000750121113303,0,0,-0.3593000026271313,-1,0
-2.2717773280345677,2.104844056645331,-3.0,60.312499999999716,76.81159420289839,0.0023947507064514583,-6.083078952942742,-4.845494351024991,0.60136575807848,1.1128612680749856,0,1,-1.0138464921571237,-1,0
-2.2294287362297203,2.1023082608201,-3.0,48.972602739725424,75.99999999999979,0.0022568647730463786,-2.5153462391231187,-5.13811615210725,0.42712999987696554,2.4046351255608913,0,1,-0.4407365124871567,-1,1
2.246006417010772,2.1072383093916565,-3.0,60.30927835051517,27.27272727272789,0.0016721836187558164,2.537533408287345,2.772600224861344,-0.762853938347909,1.6978895413656554,0,0,0.5647928094757199,1,1
2.0495679299979037,2.1113653482919488,-3.0,44.24379232505662,30.232558139535115,0.002718139278832967,2.061479755023356,4.1215255177157815,0.7064729591724489,0.9152914399557533,1,0,0.31033028570243615,1,0
2.193607890961262,2.1132152326222786,-3.0,38.966202783300425,16.447368421053085,0.002960662525879955,1.818896360702638,3.7358786455959487,0.7503354082589745,0.7123308013021874,0,0,0.2551558021025717,1,1
2.097823329828671,2.115624018224013,-3.0,42.857142857142854,21.20253164557009,0.0031388465858583356,2.357812009111967,3.0319358702518913,0.6796126124993577,1.4502029380974446,0,0,0.3140758147247125,1,1
2.2297063665427994,2.1184270631998876,-3.0,48.16176470588237,23.148148148149005,0.0032157990314770285,2.746707821560449,3.980265201488146,0.5132392177826153,1.006950996798206,0,0,0.35771078606368334,1,1
2.675021258973794,2.1226594788505713,-3.0,71.67019027484136,56.77233429394827,0.0026972169624977956,16.510393530965302,16.079522371979056,0.7553725960585698,1.782136483351542,1,0,2.4801020325484284,1,0
2.51304520431876,2.1241984999848387,-3.0,78.36257309941527,68.36158192090414,0.0029336067744586258,1.5205533750340692,13.055929740017381,0.813791384945276,1.8662402217410667,1,0,0.2120293550844308,1,0
2.742926020527444,2.1317594064976246,-3.0,81.56146179402003,68.8888888888892,0.003184368872963313,7.488004504476976,14.2944553258636,0.8487065598663398,3.432149925067078,1,0,0.9688730412447039,1,1
2.630378853637968,2.138160819421014,-3.0,84.44444444444477,62.74509803921563,0.003340148586003796,6.345068860392075,13.466117280425625,0.841620516708845,2.421312899726029,0,0,0.7861147260662684,1,1
-2.040909338915165,2.105479535397321,-3.0,45.425867507886196,91.28205128205019,0.0020000952426306386,-1.452945326326244,-5.540493340705689,-0.64365680151941,0.43497055893716824,0,0,-0.2794125627550427,-1,0
-2.170893979622168,2.097438604847018,-3.0,28.84160756501157,63.37448559670747,0.0024151614668856017,-13.007433325395596,-10.044459995237412,-0.2601571941943619,0.4528644217950273,1,0,-2.1525303375359166,-1,1
-2.047351396877492,2.0955487719851145,-3.0,29.397590361445666,67.0588235294114,0.0025931729078431565,-1.8812164561873033,-8.928599389478586,-0.2196714952325507,0.49528418138671254,1,0,-0.2932854163320957,-1,1
2.161587434013055,2.120453801544569,-3.0,46.843853820597936,19.43462897526456,0.00201341823815668,5.133633685560653,8.78324664496613,0.5127189207571681,0.41090630266958467,1,0,0.984532487641763,1,0
2.032519000621129,2.121405741006188,-3.0,42.810457516339916,15.202702702702211,0.002110482747315816,0.9396166021570025,6.817124562154095,0.6304110321655256,0.5108126636676574,1,0,0.17354396345907552,1,0
2.2776927197035493,2.1287278618632257,-3.0,52.972972972972734,18.315018315017667,0.002335001191327166,7.167818034533866,7.177047991473136,0.5397523940118737,2.4937465220041664,0,0,1.2148844126328466,1,0
-3.05228279918835,2.1205389034424798,-3.0,86.22448979591755,86.18181818181895,0.0015441818883719007,-4.6651855875738875,-5.517825671217542,0.9240348819018221,2.915950666448457,0,0,-1.0958489635240691,-1,0
-3.139375785971955,2.1166415678114623,-3.0,67.28971962616762,84.61538461538512,0.0016253817441465928,-3.8766716864379305,-7.59026657037848,0.8260071841186343,1.9085776339037528,0,1,-0.8767916576757827,-1,0
-2.151836585185658,2.118238471691557,-3.0,67.13615023474134,81.9742489270392,0.001607041145677944,1.5881761528307834,-3.600804321500436,0.8230367544035283,3.14812423339531,0,1,0.3621248556943149,-1,0
-2.4074627029610403,2.111824984137078,-3.0,53.17460317460381,82.6271186440681,0.002037130091127635,-4.883226252379245,-4.661760735564622,0.724055554450857,1.5070174927127193,1,0,-0.9238536153149866,-1,1
-2.02295645989103,2.107845141135198,-3.0,50.88235294117632,81.45454545454511,0.00295083527675983,-3.6401986834757736,-6.645590940532384,-0.09218315884867374,0.4720228434290499,0,0,-0.5055831504827408,-1,0
-2.018569473995211,2.1053212551440086,-3.0,42.20183486238553,85.01872659175973,0.0029062842441279105,-2.515798188271674,-6.288480892798452,-0.505209845174156,0.12100371246772905,0,0,-0.35433777299600683,-1,0
-2.035821675320083,2.10241510083416,-3.0,34.868421052632144,83.3333333333327,0.002819011303282074,-2.8972943457924885,-6.027477745201304,-0.7602615230068537,0.203400687317406,0,0,-0.41903017397824777,-1,0
-2.0583609254124546,2.093041894691649,-3.0,35.41666666666667,83.1501831501829,0.0026176764551901228,-10.621034610273455,-7.698688526112346,-0.5306340028601364,0.23804779655424177,0,0,-1.6340053246574628,-1,0
-2.162756984120977,2.089039093488045,-3.0,35.95041322314002,84.19243986254256,0.0024532122810116924,-4.018145779045426,-9.137249541095661,-0.35081625715700826,0.1887482352513632,0,0,-0.6525990824435809,-1,0
-3.2016872000474432,2.075526440387136,-3.0,28.899082568807486,49.04761904761882,0.0036704870863405563,-15.12476369366459,-14.43676088391103,0.5135030305724799,0.4384547248284489,1,0,-1.751420113410297,-1,1
-2.643726846306503,2.0735198962703394,-3.0,27.008928571428527,52.380952380952515,0.003728471086308061,-2.011027984440716,-11.879974117855364,0.338030595023181,0.3614049256498788,1,0,-0.22983176965036922,-1,1
2.3781686081175897,2.0937120389487722,-3.0,49.30362116991646,38.37209302325579,0.0022175931354628886,5.003083242843331,5.375144332542822,0.7719817969217156,3.9421511930274193,0,1,0.8945487279668718,1,1
2.034941296715151,2.0946715304550727,-3.0,52.94117647058782,46.41509433962267,0.0024753836844711085,4.172788326907721,4.281184672513336,0.7541579180810833,0.4163420046198834,1,0,0.6792911229849743,1,1
2.300513027774414,2.0892652168305657,-3.0,88.75502008032059,66.81614349775771,0.0019959535957819116,3.8937284776720844,5.17944604297927,0.8940731951636859,1.3494529899825614,0,0,0.7508567312315371,1,1
2.816894591269493,2.0940554081615628,-3.0,89.74358974358914,60.56910569105694,0.0020549110332391944,4.808163719385902,8.085537518364527,0.7316155296338059,1.6223350918623354,0,0,0.9047619902070291,1,1
2.2917043334249305,2.0942841458317467,-3.0,89.9280575539564,58.00865800865806,0.002172124739107071,0.22928689062655394,5.814484475207246,0.6343848230723219,2.442159222389985,0,1,0.041206886633783954,1,1
2.396861596559716,2.098083108958444,-3.0,91.59159159159108,66.66666666666634,0.0024272832056410573,3.8117252019374064,5.890958445520755,0.5052584055448324,3.0874775835764567,0,1,0.6234130003168662,1,1
-2.422814580588392,2.064039523483265,-3.0,56.130790190735574,76.2470308788598,0.0029491987725878094,-11.909852950292589,-14.938325836065633,-0.29142362996232885,1.4415618361238591,0,0,-1.659083993075577,-1,1
2.1545496183168034,2.1070081027294147,-3.0,51.520572450804856,33.57664233576675,0.003439178366154771,3.7822910869977022,10.130700810272993,-0.09847746389665062,1.9685794734794375,0,0,0.4556977213250179,1,0
2.3587516830649804,2.111453525355495,-3.0,55.67970204841711,34.586466165413796,0.003363402148541354,4.478325640568983,10.953682595862665,-0.3951898141456739,2.076550980247314,0,0,0.5499698155084627,1,1
2.03039772590286,2.120746806937323,-3.0,79.87927565392346,51.655629139072836,0.0031160338960432707,6.22414936138739,9.46882567995408,0.43794842855006993,1.740514075887393,0,0,0.8113416299760023,1,1
3.329957367849274,2.1319201906293954,-3.0,73.78854625550646,48.48484848484871,0.002740871504227488,18.793640857832088,16.460211971405624,0.5987536669301597,2.9841158318546745,1,0,2.7237160663524405,1,0
2.6574961352285147,2.1334257003845742,-3.0,76.10062893081756,49.12718204488772,0.0028665544347088977,1.519944579769799,13.342668514008073,0.5565692784833524,0.9392710559460604,0,0,0.2117335733012617,1,0
2.56427768005609,2.1391010454330184,-3.0,81.63716814159264,45.707656612528915,0.0028657566922873647,5.733842509038823,13.410008780851786,0.3727398382127598,0.684683424927964,0,0,0.7987442301148464,1,0
2.2485340806089913,2.14053355726762,-3.0,81.91721132897585,45.9584295612009,0.0029388208973994594,1.4437865770933058,8.970149731936635,0.2875143446743617,0.8269589351847874,0,0,0.19662463112165346,1,0
2.1523950703159054,2.1449994593777446,-3.0,92.21698113207515,46.17169373549887,0.0028937864617094625,4.50299924312867,7.069399070129748,0.11332394564804284,1.3436654988461296,0,0,0.6211033438798081,1,0
3.9203988649581833,2.1782965470762714,-3.0,58.18639798488669,27.27272727272708,0.0028420207862150625,37.11398131377564,27.777696086897503,0.05410545378513128,2.0872963283891464,1,0,5.211592160409781,1,1
2.4643595711991177,2.172392946297317,-3.0,50.12048192771129,30.627306273062658,0.0030235370732161282,-5.837914357038244,16.503290674007623,0.14509616218379648,0.8473659066418443,1,0,-0.7783885809384291,1,1
2.0700561441465823,2.172769569280173,-3.0,45.25547445255462,28.776978417266236,0.0030194200585262248,0.37276956928008076,11.935885067367327,0.27873086959490145,1.187744897487909,1,0,0.04979746154504865,1,1
-2.515823890292424,2.161007622150529,-3.0,31.683168316831114,52.941176470588296,0.0021047583524271265,-6.389813719871199,-8.85947417719999,0.16863453790727284,0.578287806701665,0,0,-1.1587745087849353,-1,0
-2.246076180279563,2.1499343329884004,-3.0,15.071770334927848,39.0977443609024,0.0029794094924591136,-4.764927766287201,-8.127040713547194,0.46137407280061377,0.4414719279648033,1,0,-0.6495519837197725,-1,0
-2.6480186780815704,2.1405793666442814,-3.0,7.466063348415773,49.295774647887164,0.003108225516409955,-9.25304285995935,-12.554956191978363,0.27439658511510123,0.40287837463198956,0,0,-1.2186509881413987,-1,1
-2.033267273711357,2.1378340800018756,-3.0,54.123711340205936,74.35897435897421,0.0017387218045112538,-4.2721520160048385,-4.794964931203959,0.10234700160062414,1.3117785890516471,0,0,-0.9089685140435928,-1,1
-2.640684889295349,2.1344242889580034,-3.0,41.30434782608625,74.35897435897446,0.0016898815403118663,-3.3940970022708825,-5.736914035253539,-0.16109179769483994,1.0294531936166336,0,0,-0.738994681676411,-1,1
-2.054119129402428,2.133978542212178,-3.0,62.385321100917146,78.82352941176457,0.002985234110473685,-9.082322751964057,-10.092073222022645,0.7981195995790838,3.923214050241025,1,0,-1.2297148793761823,-1,0
2.0220836602871826,2.142426052737546,-3.0,36.67546174142496,7.207207207207745,0.002401073105298485,1.814544368357474,2.6970911263284507,0.7766075913199506,1.2083117545761848,0,0,0.2967712751986495,1,1
2.9954646861115486,2.1579473759741616,-3.0,73.92290249433101,45.37815126050409,0.0025259743281240803,20.71066317753275,13.85583474333771,0.3245911025381261,0.552420751533571,1,0,3.2216587165050785,1,1
2.644677289228659,2.1615237351024645,-3.0,74.66960352422913,40.944881889763465,0.002736905038695338,3.5615237351025826,13.733356046098834,0.22505355322287635,0.9915765249340311,1,0,0.5172337374630278,1,1
2.1587370350138664,2.1610509473938073,-3.0,88.68360277136243,55.14705882352978,0.002704673516738509,-0.4704171790062901,9.734905734729546,0.3855258973931952,0.6505212025841142,1,0,-0.06888954504276155,1,1
3.237119922213818,0.4979373968464822,-3.0,69.87951807228916,57.28699551569509,0.004372411072391354,14.088036901709529,11.121790839449067,0.6579797268629989,1.3175264011258268,1,0,1.8415734512038575,1,0
2.5941990194656626,0.49819055111433974,-3.0,57.270693512304206,41.80418041804177,0.004825426175224771,0.7732201564922434,9.41090406191861,0.4851726464498693,1.8783457737707527,1,0,0.09307895263019252,1,0
2.1903992189700303,0.49828699422924405,-3.0,51.40186915887829,38.41991341991338,0.0048166827222757514,0.29314797691699823,6.794236393207802,0.32307096743692754,0.47783059764197144,1,0,0.035379928248603164,1,0
2.1826467493796433,0.5023676255613069,-3.0,65.41176470588225,41.30626654898509,0.004929517782988233,6.938355534093034,8.968024066514454,-0.44818255168650695,1.047584388861874,0,0,0.8183401640884772,1,1
-2.709523483981603,0.4966574029906013,-3.0,33.42939481268003,49.49999999999989,0.0032984607183314863,-8.121392620859979,-8.353236684157082,0.26422457465145743,1.9713343658600282,1,0,-1.3649399362789738,-1,0
-2.5814086084069348,0.49592930977284405,-3.0,33.62318840579705,51.96850393700785,0.0034415367748701427,-2.2000000000000455,-7.367015485149477,0.3511227035142642,1.6067700922656165,1,0,-0.35730858468677934,-1,0
-2.5052818988861927,0.4949137999055252,-3.0,27.531645569619954,47.10982658959541,0.0034749034749035116,-3.068465559414335,-7.678301739782773,0.18631567421867537,0.9871894120635191,1,0,-0.4943442788469541,-1,1
2.502124659052535,0.4982055012241175,-3.0,70.54263565891466,57.27482678983792,0.002725262997408133,5.163458740819124,6.092045728604535,0.08326701997899318,2.9276475750811395,0,0,1.0152868310599426,1,1
2.0555568929738652,0.4981709345244276,-3.0,67.28624535315956,50.596658711217174,0.002760823955750518,-0.10402394404627557,4.029378117738406,0.011879220845706877,1.8750910180445417,0,0,-0.02025500996728596,1,1
2.635388546406443,0.5012106499794124,-3.0,78.92473118279541,54.97076023391798,0.003998978984089165,10.35472153491969,10.495254252080622,0.40087528844875864,1.3406388037132257,1,0,1.470244437006854,1,1
-2.2049769621720365,0.4986866047864548,-3.0,34.40860215053766,53.775743707093966,0.004018098325229626,-3.7480299071796708,-8.652172164527338,-0.22118333089303682,1.7081364412837514,1,0,-0.5392848787308856,-1,0
-2.1951370569976323,0.4980097160583556,-3.0,31.604938271605036,48.3539094650207,0.004001316031391233,-2.009951419708159,-7.689721360248223,-0.24086409136909392,1.3564665654582722,1,0,-0.2909960690373748,-1,0
-3.745713727555288,0.4895899959699604,-3.0,35.26448362720399,73.47670250896033,0.0038226749892042605,-15.036466994760985,-14.110637392504122,0.16184615717379439,4.027614616006032,1,0,-2.2906478555675034,-1,0
-3.072206556589723,0.48828743954642534,-3.0,27.555555555555387,57.89473684210518,0.00422053269433679,-3.8726178748122493,-13.86685024181429,0.060646462822864365,3.494641933745537,1,0,-0.5443438779856581,-1,0
-2.4514643671768366,0.48816078379591904,-3.0,26.49572649572636,53.73563218390795,0.004408682930686796,-0.37577098370616113,-9.693766592336306,0.23757560186818935,1.5094151397238964,1,0,-0.05097668383610722,-1,0
-2.3287577930715617,0.4869433212238508,-3.0,25.56701030927819,57.63157894736866,0.004503568211736992,-3.6043016242836075,-7.672564772810256,0.30895453770488235,1.663773717097185,0,0,-0.480573549904481,-1,0
-2.3017780486088215,0.4852448040563021,-3.0,31.8181818181817,70.88607594936711,0.00455622470135255,-5.034406473013405,-7.122609011515078,-0.01170473585149171,1.150360429139621,0,0,-0.663045067000825,-1,0
2.678896925424187,0.4884717035844293,-3.0,70.1657458563535,59.65166908563141,0.0031072921050313887,7.24166589931383,4.822094224726925,0.8647667238588993,0.861061200134278,1,0,1.308171904392168,1,1
2.3433204022101886,0.48866228342973583,-3.0,64.87179487179458,54.078947368420884,0.0033537302894798933,0.5695022123511535,4.252923657039855,0.8943023187414634,1.0631874881666439,1,0,0.09676008462276843,1,1
-2.120922130557661,0.48330520622536877,-3.0,50.87719298245614,82.3529411764706,0.0030420110529662298,-2.4565935361861193,-3.276775545678538,-0.03465215211788362,0.4298372030085513,0,0,-0.45134264444364103,-1,1
2.269811989561614,0.488631470380858,-3.0,78.47682119205301,65.63192904656313,0.003149552966675693,11.159116354019488,9.72048057757379,0.5824833055133403,1.8695830396734654,0,0,1.9750648414193808,1,0
2.040319110141695,0.48860927154751854,-3.0,78.47682119205243,61.79775280898876,0.003214188901366992,-0.06708609267889187,7.156905960185986,0.6153704448870962,1.553508835108781,0,0,-0.011681657929160297,1,0
2.3205516468279477,0.49036987465037113,-3.0,66.01941747572778,32.96089385474838,0.003276317322253707,5.591102931731257,6.512674412514298,0.10507326453092626,0.9535284659065191,0,0,0.9604348594385008,1,0
2.024927893656637,0.4903333333739347,-3.0,67.32673267326723,28.98272552783098,0.003224240069923272,-0.1096666666260262,3.1440000004872672,-0.03227772802202251,0.5729177876083685,0,0,-0.019096185730900116,1,0
3.200762635836734,0.49744177654510036,-3.0,87.5496688741721,65.9465020576132,0.005218095677646004,21.325352949290163,19.23058403882942,0.7451824297838694,5.093191335453266,1,0,2.39226715777294,1,0
2.7161276377693415,0.4992769322186514,-3.0,90.25032938076406,65.8787255909559,0.005299190310051996,5.595372366199172,18.324880734940145,0.822091953662937,3.3417385130337762,1,0,0.6182731896352686,1,1
2.3064740297579553,0.5000986119581434,-3.0,90.5370843989769,64.85355648535554,0.005577569531822191,2.500039444783397,13.81849715375797,0.8587443454646627,3.0544403625384504,1,0,0.2635583752030691,1,1
2.222378586201413,0.5024771128305626,-3.0,91.56214367160767,66.46706586826349,0.005839279884333756,7.235880456865516,13.751364575678599,0.8913517158829897,1.9461995366796603,0,0,0.7277465976732557,1,1
-2.1953370914622217,0.49681093475233157,-3.0,32.47126436781623,32.64887063654999,0.0030177132751312567,-2.3566970370200124,-4.129580860620626,0.8231739594213155,2.6740294265775133,0,1,-0.42030265628382146,-1,0
-2.0738802873671127,0.4965809185115577,-3.0,26.956521739130608,27.348643006263075,0.0029367681498829274,-0.7068381629767373,-3.290719633819799,0.8603983714915534,1.8448152059134109,0,1,-0.12901869989145057,-1,1
-2.1467410596372747,0.49609807085809543,-3.0,27.683615819209308,34.39490445859873,0.003745353420912213,-6.7074689723531264,-2.985953055089067,0.8931898106277338,1.1648665772908995,1,0,-0.9989847405632243,-1,0
2.319103966029395,0.49711058069468034,-3.0,43.478260869564664,26.44628099173549,0.0021485804357208194,2.2439322194586566,2.5398844232277042,0.9315162547668141,1.2273669933496676,0,0,0.5253353022144077,1,1
2.316089654963205,0.4974723586380328,-3.0,49.723756906076964,23.275862068965438,0.002168191737456766,1.1080884523585155,2.726167444923294,0.8660513605445844,2.0122000833649474,0,1,0.2572676340467563,1,1
2.611059643454948,0.4983181467743983,-3.0,50.27322404371622,22.314049586776775,0.0020877608530796557,2.593272587097772,3.897174486581116,0.7330993219541239,3.21298231755987,0,1,0.6195531778049342,1,1
-3.225124602625482,0.4904165930667964,-3.0,23.529411764705927,34.09610983981729,0.0032284100080710036,-22.73483283285441,-17.813391385515253,0.3690002012891415,1.719231518787663,1,0,-3.881556825121506,-1,0
-2.5033333092448946,0.4904127396855779,-3.0,30.46511627906993,44.07766990291265,0.0034270567073747815,-0.011797205107313857,-13.722209944792985,0.08706176902910828,1.6328983070896919,1,0,-0.001911584160907346,-1,0
-2.314229547076144,0.4896406612170418,-3.0,34.57330415754943,55.60897435897439,0.0035371900826446216,-2.375687934604457,-11.287468450644337,-0.2504702760177507,1.3850619183020245,1,0,-0.37412408418967885,-1,0
2.5692442951066607,0.4888510517809444,-3.0,30.268199233716672,19.439252336448092,0.0024734475169840447,2.5795913592344277,2.166246674768627,0.975849239089691,0.6868229408679475,0,0,0.5496846123178343,1,0
2.343301189220755,0.4890016364998652,-3.0,27.200000000000486,17.274472168905987,0.0023572050146787606,0.4598985271500169,1.9030114554991087,0.9752308211645102,0.44471989234729264,0,0,0.10171531406161445,1,0
2.162876122057778,0.4900458410511688,-3.0,34.21052631578952,23.076923076923336,0.0020713617533075013,1.3362933827272627,2.6486980998494345,0.8323976542031885,0.7799650692927164,0,0,0.3259252152993318,1,0
2.08221794698221,0.4902936455916382,-3.0,42.14876033057877,25.390624999999872,0.002055532769293876,0.7567944480858841,2.494663960034859,0.5962874713000551,0.7841313973004141,0,0,0.18555380513489236,1,0
2.2139593510438402,0.49221183735560686,-3.0,54.57746478873222,42.04379562043784,0.0028885504901494264,1.8526479669451419,2.6899065362003967,0.8664495500962837,0.4825399190421701,1,0,0.34721648644219505,1,0
2.2944125157882125,0.49329426929488607,-3.0,72.1105527638193,58.06045340050393,0.0034597183204811595,4.440527364519085,3.316235696867807,0.9218647506228548,0.9481094321589563,0,0,0.7112972895110655,1,0
2.8284483321411797,0.49490362454831527,-3.0,76.53333333333345,55.342136854741966,0.003309978027781174,4.9439398700315,6.220498533430463,0.8787579791337023,0.46960556198013176,0,0,0.8220327574874245,1,1
2.7283633447897055,0.4960467839339928,-3.0,82.51928020565558,58.502538071066084,0.0034342921124189546,3.499209356786423,7.3784187135733195,0.8139258445417406,1.1762755930287627,0,0,0.5630911608621845,1,1
-2.745684728522911,0.49111866026860673,-3.0,26.21359223300969,42.13483146067426,0.0016858681508638293,-8.37690851669845,-6.77394176069065,0.4963980990677879,1.0708195812049905,1,0,-2.3692266511874402,-1,1
-2.202197759497531,0.491439815987762,-3.0,19.92337164751035,22.624434389140376,0.0019306307680573673,0.9835814974337609,-4.40036471258054,0.6988234500913685,2.2887881301166106,1,0,0.25266313695546044,-1,1
-2.706873608923482,0.4900482029586877,-3.0,17.567567567568148,24.485125858123254,0.0021698609186063334,-4.243033742071248,-6.3993127103662575,0.7924189362576682,1.42397396128681,1,0,-1.0000416227103899,-1,1
-2.1888769641818033,0.4901084455478243,-3.0,16.00000000000061,22.107438016528718,0.002327630797524874,0.18372658517046148,-3.6875307268983306,0.8920819679093999,1.4908901652987578,0,0,0.04108901265793045,-1,1
-2.6967610872055396,0.488009399070858,-3.0,51.20481927710871,77.94432548179844,0.0023686950209648675,-6.735368243368384,-8.599876064618138,0.5746290256860561,1.093186454885498,1,0,-1.4826282296722828,-1,0
-2.2721552903595157,0.48755227545912433,-3.0,48.82352941176444,71.9230769230767,0.002412383568987473,-4.423859778464475,-5.797637883906873,0.5935682031434748,0.41897716858187384,0,0,-0.9617086474922758,-1,0
2.536461849207475,0.48876145112225805,-3.0,48.93617021276596,29.41176470588225,0.00245641075040938,4.606743129326787,5.503252253671053,0.7251359021332056,0.9540800112828675,0,0,0.9922215970857765,1,0
2.103294352588185,0.4887762490788275,-3.0,52.38095238095247,24.99999999999976,0.0025493025493025273,0.04489500368458721,3.732324402653012,0.5163254164890548,1.0846639236469746,0,0,0.009381045546033213,1,0
2.0145581093196485,0.4896975293584159,-3.0,47.666666666666515,17.321428571428925,0.002822464117137062,1.925340105236728,3.0022097431783097,0.09086322791836376,1.4027899798826027,0,0,0.3712777062439988,1,0
-2.412982258033336,0.49006024162720185,-3.0,25.547445255473562,63.14199395770423,0.0017658364308641027,-1.770873492582723,-3.6233192762195814,-0.3368367734792133,2.122308972295549,0,0,-0.49386910151709135,-1,1
-2.0628189770300605,0.48871556680806083,-3.0,56.44699140401144,66.79586563307501,0.0031724472471501603,-2.5300365142099963,-2.9010255599470383,0.5597754583821267,0.5373522999252899,0,0,-0.44610215615793075,-1,0
-2.4372801791282415,0.48642819404490384,-3.0,29.14572864321606,60.61452513966476,0.002684845000146209,-5.056570220943513,-4.0437569692605395,0.5970806454625468,4.044811197425385,0,1,-1.024486007137606,-1,1
2.159740803027099,0.49523617683708937,-3.0,84.97109826589588,74.29378531073417,0.002758046722279233,3.622866351181756,5.792004834370391,0.7562519919616654,0.9924802894300387,0,0,0.714368012909074,1,1
2.078112941856253,0.49545011896229685,-3.0,81.50470219435714,58.885017421602264,0.0026092849881396403,0.6377153211981295,4.448999026171623,0.6654669584441572,0.5266837289567656,0,0,0.13148769509239677,1,1
2.0708544201870818,0.4958316521169325,-3.0,78.59531772575227,53.65079365079383,0.002503631961259104,1.1362444519857036,3.59924566246159,0.3443375985310535,1.1574277484477098,0,0,0.24212210544596238,1,1
2.2801477405113744,0.49818484102725125,-3.0,88.48039215686262,78.60360360360364,0.0032471873627108504,13.316336430754518,10.125719276703922,0.7921437620029198,1.4820723683488588,1,0,2.2735208540312466,1,0
2.032042940442768,0.49903288056732553,-3.0,84.1981132075471,70.80610021786478,0.0037995952190018225,3.8974854894750024,7.76085106510086,0.8576825400730341,0.8528466134030582,1,0,0.5829572313317275,1,1
-2.340718688683932,0.5006155647846522,-3.0,89.0909090909091,94.48275862068922,0.002630265152915936,-2.153385606315396,-3.1147243096486816,0.9852121576719686,1.4992292004450147,1,0,-0.42521013382814676,-1,0
-2.9431228587672464,0.49937094874512583,-3.0,90.39735099337788,99.41605839416046,0.0028331487633813154,-3.8416336183101976,-5.113204331494808,0.9865572117875827,1.0263721710071667,1,0,-0.713300671834786,-1,0
-2.3433731834737674,0.4977199760142557,-3.0,73.83863080684618,98.37177747625474,0.0036039191468574027,-5.141107906455545,-4.887505468558038,0.9838327249501447,0.5711197502075861,0,0,-0.7806454521732928,-1,0
-2.0357298508774266,0.497561445327814,-3.0,73.90243902439055,98.39999999999965,0.0036343034021501853,-0.49365975785235605,-4.0083924797602775,0.9757022279492031,0.49605633845297475,0,0,-0.07439436609185121,-1,0
-2.452908892993944,0.49448045909251587,-3.0,31.756756756756914,50.75921908893689,0.002721044287661233,-6.45188368453023,-3.75983182343698,0.5005054894925091,1.0575218761563618,1,0,-1.2424535293455616,-1,1
-2.9572145834425805,0.4928318885564643,-3.0,26.03878116343506,40.38461538461543,0.003149342178823031,-5.1372741795064485,-7.055300526178007,0.728319556078271,1.5627920808714701,1,0,-0.8813950798172764,-1,1
-2.0219912006393086,0.4935552128000395,-3.0,34.8780487804877,48.42883548983382,0.0034013605442177164,2.250269340159548,-3.346444787200062,0.7483306131549954,1.0690757892025935,1,0,0.36086793542077256,-1,1
-3.2951991973520585,0.4918542553676201,-3.0,12.771084337349293,13.934426229507835,0.003363059961242509,-12.89092138214005,-12.67925370141802,0.8842220767988364,0.6348696692839838,1,0,-2.1107941444439793,-1,0
-2.96133540889791,0.4904666508803772,-3.0,12.085308056871867,24.684684684684555,0.0037180319844878165,-4.284219891074599,-12.094044072932638,0.8993501801058565,0.5826365166458928,1,0,-0.6449363276886477,-1,0
-2.8443389345849566,0.4882638238351013,-3.0,9.16496945010185,25.65543071161032,0.004001362165843698,-6.816430646630806,-13.015301639996505,0.8973203173406534,0.45521458101579865,1,0,-0.9678501932335817,-1,0
-2.4490278462440793,0.4874096648307087,-3.0,5.223880597014855,21.404682274247136,0.004226823708206687,-2.641909446735781,-10.50291667354918,0.9199466698178707,0.5260390583328551,0,0,-0.3590944879058343,-1,0
2.490149145274192,0.4865230831846091,-3.0,71.31782945736381,55.45454545454524,0.0023620183659945134,5.0028307911461525,3.5417255562443186,0.46528069109141834,2.8812700158083304,0,1,1.096081863474899,1,1
2.140585976494755,0.48354340521536177,-3.0,63.66197183098607,59.43562610229264,0.002876190476190481,2.5620450852620706,4.209783060685595,0.7667991637537508,1.4868220692982126,1,0,0.4821052579794213,1,0
2.9915966088495356,0.4852147064245691,-3.0,74.88372093023253,65.64417177914086,0.0033831100007570706,5.18454617153634,7.311108284542115,0.8760401150974853,1.6592157744785103,1,0,0.8489315368597493,1,0
2.365973975930303,0.4851754611058073,-3.0,80.81023454157777,76.00554785020825,0.003700351651252474,-0.12210553326963236,4.696004737790554,0.9380915702459183,1.3903013940269726,1,0,-0.018480837467836204,1,0
2.876727941842758,0.48734602241411684,-3.0,83.30241187384047,73.34360554699565,0.004140718787515015,6.779104148447459,7.896129937166824,0.9654738456991361,2.374281241234559,0,0,0.9277366381062,1,0
2.5746120318104673,0.4881940004129756,-3.0,84.89932885906038,76.95473251028832,0.004355742296918776,2.6503509964898058,7.154728793887989,0.9799705413753601,1.6352364602687697,0,0,0.3458053490294242,1,0
2.564973584388956,0.48988821128196997,-3.0,86.62704309063892,79.08163265306113,0.004694726674963321,5.309659553436404,8.502868903754962,0.986107597802435,1.513742680002376,0,0,0.64583174411911,1,1
-3.18851078426251,0.4858336781953822,-3.0,40.437158469944976,60.465116279069925,0.002392277690381548,-6.021086471577746,-6.669753414134175,0.3848579392655851,0.9218347143525839,1,0,-1.2889175933041073,-1,1
2.532623828428902,0.4902989800761858,-3.0,58.8679245283022,43.27628361858192,0.0033687039525508783,6.579182554556155,5.440388040796824,0.44323775042987046,0.766576760763442,0,0,1.0623824194208262,1,0
2.3373123647792644,0.4906785031061173,-3.0,62.152777777778084,46.48212226066903,0.0035538898940294865,1.1932149689387188,5.250216869934365,0.3769273783508942,0.7841616826438476,0,0,0.1835715336828789,1,0
4.113090710370058,0.49884569514825144,-3.0,76.59208261617871,57.59493670886048,0.0038807078556032447,27.263967088706295,21.569603816366588,0.6186897227234431,2.619296370330557,1,0,3.828440714562576,1,1
2.5897889004645394,0.4975229573613503,-3.0,75.0871080139369,65.33333333333312,0.0042312605894771005,-4.1826607015293575,12.750814410424937,0.7818930280028151,2.5079992927980617,1,0,-0.5452257897710541,1,1
2.3283655382355355,0.4983863814681284,-3.0,71.9360568383656,53.157894736842,0.004462018428498859,2.736284242479087,10.293711322623267,0.7622317440590178,1.6816789307509472,1,0,0.3408183220169692,1,1
-2.001345223260305,0.49080818719997116,-3.0,25.454545454545453,70.88607594936735,0.0026524712037079715,-4.088969824640117,-4.671911204736171,-0.41695520813895404,0.5586437583388841,0,0,-0.7972921663643637,-1,1
2.2102133302842075,0.49261319864079145,-3.0,65.92178770949745,48.571428571428356,0.0029628599248852456,5.078300094407496,4.801559873487259,0.10525712738340734,0.9569707799415732,1,0,0.9126598372490995,1,1
-2.2467971437774064,0.4881275670746629,-3.0,76.31578947368435,84.08450704225336,0.0031327104876493666,-4.9311398890331475,-4.647822566239938,0.9067302524507473,0.4181990630681129,0,0,-0.8439603722061603,-1,1
-2.077163999067706,0.48798130141570456,-3.0,72.50755287009083,85.1485148514852,0.003102373708885463,-2.1543289453798025,-3.0024549139563534,0.8826074645644475,0.647747984196753,0,0,-0.3718940226302982,-1,1
-2.0198809150523775,0.48758009066891606,-3.0,71.77914110429447,85.02139800285315,0.0030332174299030914,-1.2701922176054268,-2.61777230827438,0.8564441789315386,0.25714141328949736,0,0,-0.22340064128738624,-1,1
2.0129052192332457,0.49190744034510764,-3.0,73.83177570093406,46.32653061224495,0.0021344570216750773,3.2129480954479277,4.151837892400908,0.0951494008184424,3.9530223313951156,0,1,0.7434921212606748,1,0
2.3850611894741616,0.49281963595704004,-3.0,78.31858407079619,49.24078091106309,0.002228131303869436,2.885639271914215,4.683341555420339,-0.2832906852089986,3.3348398341423713,0,1,0.6453506358913565,1,0
2.694607708573906,0.49561250318978733,-3.0,79.85347985347983,36.36363636363585,0.0027393507738666147,11.16753252360445,8.418062515948986,-0.7573480696771305,1.8596370163235718,1,0,2.1127764233846125,1,0
2.2798311757648317,0.49593650760997326,-3.0,72.63157894736858,29.51127819548813,0.0029308484371856707,1.0227746009866223,6.893347298641902,-0.807387509596402,1.3599032416827703,1,0,0.18333987725752426,1,0
2.098621523031123,0.49945801111290583,-3.0,58.67158671586685,35.0305498981667,0.0026125731794058088,2.302276353325624,2.742666585324423,0.7755423008080745,3.002351037161084,0,1,0.4520598730232644,1,1
2.1809437805965675,0.5000478753047514,-3.0,54.285714285714526,33.463035019455134,0.0025759330348594407,1.8501675635668562,3.4199885099269975,0.6724479465112724,3.0198084754066197,0,1,0.3674091615593757,1,1
-2.1213397739131494,0.49667504593434625,-3.0,47.30538922155666,55.2631578947372,0.0019538757206918455,-1.8430175964620048,-1.5703324954065465,0.6793611098805921,1.5156748156996114,0,1,-0.4550660732004983,-1,1
-2.702585326053142,0.4959910920064003,-3.0,38.76404494382034,56.147540983606646,0.0019335978666275378,-2.1495991092003806,-2.6183964368023225,0.4705741228423848,2.718295095802382,0,1,-0.5354873225766134,-1,1
2.6508860163603876,0.4996343722938971,-3.0,67.94425087107975,59.926470588235524,0.00261351756738328,8.70343690043751,7.38136013506678,0.5647730610757913,2.2330091162294607,1,0,1.70416946302274,1,1
2.6524526001339868,0.5005106914718328,-3.0,67.539267015706,39.21568627450991,0.002345878087221135,3.5483147181428194,5.1796118744813615,-0.178220763512683,1.0740142665525827,0,0,0.7584184130381546,1,1
2.713465696406861,0.5013906196051992,-3.0,68.74999999999963,34.383954154727704,0.0023818632273108356,2.7568140360656344,5.333754672934037,-0.4590577726567305,1.5708847168493012,0,0,0.5821326772989237,1,1
2.22175743930057,0.5012318030741101,-3.0,68.7499999999988,34.68208092485558,0.0024028378107275312,-0.49679731200740207,2.9450257565423272,-0.5437930689795143,1.5675551717117275,0,0,-0.10427529787261734,1,1
2.545184702734443,0.5036382154745564,-3.0,73.03370786516825,42.58675078864399,0.0029013189459295807,15.356184966306728,10.360145528618977,-0.2699466269376619,1.4169053915835714,1,0,2.752709212910276,1,1
-2.284654638622575,0.495394259589543,-3.0,45.664739884393114,65.2705061082024,0.0036239160200821586,-5.463356647190267,-5.779756915431108,0.7584864891794174,3.2896836473950395,1,0,-0.8189185552533582,-1,0
-3.0291026988897607,0.49260897308827695,-3.0,42.021276595744766,73.10231023102297,0.003787601216429123,-8.799001914309201,-11.883717033009543,0.46887432382493566,1.4330429550667045,1,0,-1.2738989327851993,-1,1
-2.1421119575320655,0.4935644024472662,-3.0,45.43010752688196,70.76677316293917,0.003849005482887711,3.024901169544364,-5.788079436138423,0.39765394841301016,1.0416991148768604,0,0,0.43168824030194836,-1,1
-2.1542372703627066,0.4927253267753424,-3.0,51.99999999999986,76.29139072847684,0.004022022972553455,-2.6532468461123244,-4.923761424605755,0.4506553045890609,1.254714421400043,0,0,-0.36381445490276765,-1,1
2.435152282066399,0.4970585444241813,-3.0,54.411764705882554,41.869398207426286,0.0024954792043399864,4.892940506618061,6.938645981477293,0.6211376668886694,1.3440456001744348,0,0,0.9899012585643404,1,1
2.0010310626610677,0.4970135178062083,-3.0,48.97119341563784,42.604298356510974,0.0023809523809524037,-0.14313109095428445,4.838327569971488,0.5132193614253149,1.3432343761607157,0,1,-0.03004250784647627,1,1
-2.2802198624616326,0.4910586805226906,-3.0,62.544169611307886,67.48057713651474,0.0031295441613454164,-10.27385600629691,-11.74034408237885,0.5399176622608298,2.79354825900944,1,0,-1.726698488453249,-1,1
2.0292516558717533,0.4947805341605601,-3.0,65.5462184873947,35.748792270531766,0.0024058455786997784,1.636951335401136,3.9934020986304404,-0.39039807930483883,1.1284219489107445,0,0,0.3380135500828295,1,0
2.074385735365761,0.49502526089993604,-3.0,63.478260869564814,32.70588235294139,0.0023882572877626557,0.7900505217996852,3.102289928803566,-0.4404855591374893,1.3372285321704453,0,0,0.1641054496319813,1,1
2.2472263507913586,0.4968734489521755,-3.0,68.26347305389189,42.48210023866398,0.002919266267344285,10.955940446990553,6.2656277918858905,-0.15912624377719942,1.0998663839590745,1,0,1.9269241992194353,1,0
2.225045299356545,0.5002454720643349,-3.0,80.11152416356867,72.29102167182695,0.004223587245117029,6.950171830445015,5.320186558768865,0.9468500167042898,0.7184092865960559,0,0,0.8813623698028091,1,1
-2.9589474751287868,5.979062590048365,-3.0,44.88517745302706,68.59903381642538,0.004970073709127987,-7.6733999423690875,-9.183606962707108,0.5661525221819097,2.4297983603729563,1,0,-0.9158363102571823,-1,0
-2.3836479038161213,5.9784185292653556,-3.0,44.88517745302706,66.55231560891966,0.005185883620689653,-0.1587051117558076,-6.137497251666309,0.43718450902343886,0.8683143646755019,1,0,-0.01824196686848364,-1,0
-2.247481177532679,5.971365536298399,-3.0,53.55648535564862,70.76461769115471,0.005233969469310992,-1.751938225572303,-5.281303854911767,0.4566204311985037,0.5278195561487375,0,0,-0.19924561460611095,-1,0
-2.2018321540463175,5.961048897178531,-3.0,58.04597701149412,83.426966292135,0.00534183946744203,-2.57247965455781,-4.703131389880582,0.59929202258287,0.7287191589047124,0,0,-0.2865132471265664,-1,0
-2.102751952851116,5.951355488003254,-3.0,53.394495412843874,81.08484005563295,0.005579683050993684,-2.4287560121595106,-4.203744644099333,0.6037258042076233,1.3054094550102153,0,0,-0.2607560135754083,-1,1
2.0525198913079428,5.994777947304601,-3.0,54.1353383458648,30.394431554524402,0.0026079300213419595,1.8023499237128817,2.30046998474254,0.2573816601413384,0.7705452558981187,0,0,0.36836348805810726,1,0
2.2707017320412297,6.0084415054721285,-3.0,64.00000000000004,36.43410852713165,0.002409154788195146,3.7033766021888823,3.4410973957114495,-0.15253484246437776,0.9515437137701516,0,1,0.8050818700410602,1,0
2.255201787973456,6.017380760362893,-3.0,61.79245283018878,24.641833810887974,0.002383340497683531,2.222954729261801,4.240275667049355,-0.38018706620907794,2.947869983173117,0,1,0.4870323350495332,1,1
2.76159717457156,6.052099363408303,-3.0,47.70318021201421,20.436817472698692,0.0034544388818956696,10.883358981453512,8.885159817322982,0.35159178738861113,1.7375200240398148,1,0,1.773772127361455,1,0
2.4912663375029522,6.063797550953126,-3.0,52.1035598705501,18.006430868166987,0.0035419522435559516,2.8723442938855897,9.029527209697244,0.32751879852079374,0.6324976363200032,1,0,0.4574837328145417,1,1
2.142321672649537,6.066829162521971,-3.0,52.44299674267102,17.283950617283764,0.003603093574882942,0.7447267901331998,7.3208632866516385,0.4587841687922697,0.5625044004028974,0,0,0.11701655512755085,1,1
2.057232332458806,6.114891611069075,-3.0,74.77744807121665,58.07365439093515,0.0033528279961137935,3.2087672011373343,3.603506880454961,0.5174990763283143,2.0383970041096227,0,0,0.532259962273962,1,1
2.602109482976121,6.154273344811473,-3.0,83.69781312127226,74.38016528925655,0.005077146248186774,14.622530118641407,10.870332641602635,0.8760874742732027,7.667547089211249,1,0,1.6807505883495752,1,1
2.0812319050874164,6.151666486609646,-3.0,82.88100208768262,78.74396135265704,0.005476785949340948,-0.6449332325014439,8.084236889577188,0.9313367829888937,5.553586778948366,1,0,-0.06918823950207012,1,1
-2.586722264982934,5.990681729022177,-3.0,44.8818897637794,67.88036410923277,0.003605632197012931,-7.510274715580863,-6.440058900107533,0.1890079711606605,0.7376958091154406,1,0,-1.1695644718368288,-1,0
-2.4482977883588637,5.967662713465446,-3.0,36.30573248407648,61.325301204819446,0.004268754251985896,-7.348407694498974,-8.125771593924673,-0.005733038353380514,0.667555353765964,1,0,-0.997843915838844,-1,1
-2.047032131552483,5.973487419600254,-3.0,53.5519125683059,63.981042654028236,0.0019576012223071265,-1.1854180807802095,-2.0042583265232223,0.11569226016004035,4.053722403776506,0,1,-0.3017427841985963,-1,1
2.2267801786403854,6.020639016274242,-3.0,62.54416961130718,52.72045028142603,0.002752546105147272,2.8369239933444987,5.653782893713833,0.6134640201176846,0.6630705249786841,1,0,0.5516241098169841,1,1
2.379306699455888,6.035885094257274,-3.0,58.64197530864181,40.31936127744527,0.002964314217307039,4.124306211310568,4.451057361069843,0.2521201562385301,0.5758853670702399,0,0,0.7557629183029828,1,1
2.2268754407099873,6.041957072537832,-3.0,70.43701799485868,54.76603119584062,0.0032785336356764864,1.512168937307024,4.331105377876156,0.22824087409865462,3.2826012518868635,0,0,0.25384130842084374,1,1
3.501957135220515,6.099731643966187,-3.0,18.577981651376064,19.457627118644055,0.0034995625546806733,33.20728960405859,26.159028462974447,0.9875528751187854,1.9592237462643258,1,0,5.3560144522675035,1,0
3.270864884274715,6.145077697203477,-3.0,21.111111111110816,14.005235602094317,0.0035829400253252226,11.042797898476238,28.719212271722334,0.9852469742322122,3.74184335417839,1,0,1.742944425915067,1,0
2.5586226416263593,6.149943500244171,-3.0,21.80616740088054,11.27616475354499,0.003544366851548516,1.1775084749633606,21.066233886149984,0.9839979646603675,1.940825043054822,1,0,0.18733089374417053,1,0
2.2578186560663944,6.164477182384933,-3.0,26.881720430107308,11.86922530206121,0.0036146997791016975,3.5246715773578217,14.7240747238111,0.9786920753778987,1.6375519389015816,0,0,0.5507299339621574,1,0
-2.887284351377187,6.147223449477176,-3.0,18.382352941176492,45.11784511784525,0.0036648559100015583,-12.103443806271798,-9.850116217491268,0.1233343144432371,1.0089071021900737,0,0,-1.8806682939822918,-1,1
2.1100398783461647,6.292013066482257,-3.0,84.45945945945907,73.38501291989664,0.003032213794254541,3.6033610453184792,3.5548319477339647,0.9829596824026646,1.7189201673580699,0,0,0.6353533329276945,1,0
2.926515814945821,6.317011191039917,-3.0,95.58359621451079,82.08092485549125,0.0031003668690452943,6.121211454835475,7.491793969623222,0.9510051801909927,2.128994823967218,0,0,1.0566826185905915,1,0
2.646583946408874,6.323883171554111,-3.0,95.48387096774168,81.14285714285724,0.003146368508593591,1.6809707928882744,6.6236426148972445,0.9120453202528372,0.9575561685894975,0,0,0.28664544580311735,1,1
2.2927124952715316,6.327240872131165,-3.0,89.52380952380902,70.6989247311827,0.003182621406829671,0.820713575016498,4.835909370137733,0.8558048456006465,0.7204244444815148,0,0,0.13876799577573684,1,1
2.1255338178481944,6.341960395768561,-3.0,94.44444444444423,69.9507389162562,0.003284920737446253,3.7489097028997094,3.5732830494436256,0.6676706438983605,1.2420833210135716,0,0,0.616018026298074,1,1
-2.446228862616486,6.2745143323823065,-3.0,24.07932011331448,28.148148148147925,0.0030968045112782215,-6.445097133523632,-6.250195190853129,0.7817230039696279,0.9666577732000554,0,0,-1.1293036279015047,-1,0
-2.4512532043422897,6.266508461241215,-3.0,22.03856749311298,27.970297029702905,0.003165718048826409,-1.93865559228675,-6.066410441558037,0.7703385127528899,0.9768500283569775,0,0,-0.33383983139008966,-1,0
-2.2664096038806156,6.261409087555401,-3.0,22.160664819944657,28.320802005012553,0.003132832080200533,-1.2355604551155466,-5.055743000516486,0.785151899119302,0.5481207217477716,0,0,-0.214880079150528,-1,1
2.993213420822236,6.29740402686404,-3.0,70.29972752043619,65.67567567567556,0.003163405279807383,6.3810383892544,4.3044119892489565,0.9319243272358927,0.6871215021631942,1,0,1.0921092597745954,1,0
2.8054860766532497,6.304963551897466,-3.0,69.88950276243098,65.67567567567582,0.0033132642409782137,1.8369503644807992,4.487163485797874,0.931667740515939,0.7606730610249991,1,0,0.302201000032095,1,0
3.1229139442813714,6.326737958552179,-3.0,61.08108108108121,39.954853273137616,0.0033628831117878183,5.294165762387593,7.263450259028377,0.7507477201225814,0.6340532973562786,1,0,0.861840938063101,1,0
2.5627703347414057,6.330138216969259,-3.0,64.41102756892226,45.708154506438035,0.0034073535443934666,0.8211502418910186,5.844523856239766,0.6620625990953992,0.5646291110807344,0,0,0.1319874097184191,1,0
2.2454664351042752,6.334391160263605,-3.0,67.20554272517325,50.39999999999992,0.0035577093002706543,1.0295874474970788,3.8046941701668855,0.6597820688782655,0.6456126728862447,0,0,0.15927319629789102,1,0
2.740869689597701,6.367299341765647,-3.0,73.9700374531834,55.449330783938734,0.00395875869587309,7.980426250129085,8.38761106592674,0.6912688247128288,1.1277733879490333,0,0,1.120621539636985,1,0
2.128801462428991,6.362850125242189,-3.0,71.04316546762601,55.769230769231,0.004058494145957694,-1.082030466184733,4.49291596994176,0.6751559476702449,1.2522370775871146,0,0,-0.1489520799074365,1,0
2.1391222080102246,6.3928091119200285,-3.0,80.58252427184466,53.66300366300371,0.004033635163699113,5.371757376032974,6.600050391021023,0.4744699461037287,1.7172857799317691,0,0,0.7416627540873956,1,0
2.0401127486715014,6.4053586910509095,-3.0,83.51063829787239,57.612456747404764,0.004129457100550878,3.0378565235796486,6.201835782406261,0.3455416461506017,2.0509387796721312,0,0,0.4097301669567947,1,0
-2.6206382439250744,6.363310136903178,-3.0,53.48837209302338,66.98564593301475,0.002259990813045477,-12.444893435473432,-10.890361029997347,0.2903078924059818,0.45553360969020407,1,0,-2.75678019140234,-1,1
2.0401902770265985,6.411770981431353,-3.0,55.32646048109987,48.611111111111,0.0025044046158529355,4.881763513528085,3.6742347795226578,0.4937322249912212,4.583180231729036,0,0,1.000654307311757,1,1
-2.7204339678677547,6.369908686256881,-3.0,35.072463768116094,35.58441558441554,0.0034612553689055336,-4.172601826275013,-4.261655893171882,0.8579591816302021,0.2978850163836759,0,0,-0.6615676734750873,-1,1
2.727574110541966,6.42652075610477,-3.0,56.63716814159288,44.780219780219745,0.003906754487924579,7.507491471462117,8.194466173462706,0.7415709802540592,2.819772348777946,0,0,1.0648924072995907,1,1
-3.0258736633758,6.363076156008981,-3.0,36.784741144414184,49.65753424657564,0.003015343188129376,-10.636184369922603,-9.645563225734122,0.6992003919578053,0.6389338127962854,1,0,-1.896899123298293,-1,1
-2.4664282959853354,6.363674113532723,-3.0,37.66937669376655,50.16949152542358,0.00311270225554071,0.1454530354585586,-7.199995847511445,0.6421896071639802,0.4695767826652185,1,0,0.025264795240940656,-1,1
2.1268175817057324,6.439420048486008,-3.0,42.809364548494926,26.45739910313911,0.0031709815608120546,7.722747637819111,9.62820844945577,0.46253902696869204,1.1419868743739958,0,0,1.3169118992627038,1,0
2.1338132670236583,6.448196081652987,-3.0,44.444444444444194,26.398210290827905,0.003187944450649668,2.089639216330397,8.33572337536457,0.31870961463426967,0.5112730530442783,0,0,0.35460544277122086,1,1
-2.407129076377781,6.382502022769468,-3.0,38.8888888888885,71.42857142857163,0.002345443671974297,-4.050477488006436,-7.572137666010167,-0.3339553358322738,1.7241715418484573,1,0,-0.883281695203892,-1,0
-2.232588298133856,6.382907484425678,-3.0,36.84210526315767,68.67469879518049,0.002587449233591006,0.0978466943931835,-5.114421494814496,-0.4429533087382789,0.7885961546927968,1,0,0.01976700896831978,-1,0
-2.916473451771125,6.345267105944748,-3.0,24.679487179486927,63.98104265402818,0.0030103454124032034,-9.004041236692046,-9.71483861328188,-0.5249330109987018,0.857247000494272,1,0,-1.618184561151324,-1,1
-2.340965528025844,6.33558900400199,-3.0,21.99546485260815,33.86837881219901,0.0034074793219306464,-5.889471077233566,-4.730207437722856,0.9496401752755559,0.7142148723629447,1,0,-0.963231250949416,-1,1
-2.9478733049979993,6.310918119381354,-3.0,16.37764932562655,28.48297213622274,0.0038014803749772514,-5.844540940309344,-8.199644652945334,0.9875283285001833,0.867755637275863,1,0,-0.8760553871984039,-1,1
2.0679842865010967,6.407641637840254,-3.0,69.93865030674851,63.12056737588672,0.003087636315858613,3.68445849827026,3.811108826064037,0.8234916949623542,0.1953857083253459,1,0,0.6463962277667145,1,1
2.6764300695091445,6.4271850909503065,-3.0,73.36956521739123,66.42335766423379,0.0031853092228967925,4.642912596361839,6.707378534538384,0.8231919452924842,0.550119170423522,0,0,0.7917268739228501,1,1
2.178633692586413,6.425761882942225,-3.0,80.63781321184547,76.88442211055302,0.003521421593710742,-0.33903616080147003,4.244513452529327,0.9259087611462739,0.7418467097503766,0,0,-0.05291534282297202,1,1
2.267524644180555,6.4354559304484145,-3.0,82.02959830866837,78.9954337899546,0.003715026866777831,2.316953645208514,4.236489053199056,0.9644036813671059,0.9738682226239169,0,0,0.3443455523664465,1,1
3.228569910349988,6.458648091531454,-3.0,79.6116504854368,47.95321637426918,0.0029024767801857795,8.785337977117251,7.644150299240437,-0.25030911663633443,1.1291914498801174,1,0,1.5973341776576726,1,0
2.1806151097003372,6.450266742203573,-3.0,59.848484848484816,32.61802575107279,0.0032892301998519785,-2.0138186153014885,3.5884211009604767,-0.37641541481595986,1.3435213115897475,1,0,-0.331298009567811,1,0
2.5368703701571587,6.469945572415925,-3.0,65.01650165016477,32.06751054852276,0.0036360280546327245,4.711694012965836,5.895038337821643,-0.5807842612718246,0.9866887786550823,1,0,0.7108159071284635,1,0
2.5913878475053473,6.491955986615423,-3.0,84.59302325581402,89.44444444444456,0.002906077750086403,6.366528362543022,4.2710431793996575,0.9223297196533566,2.2396731967546555,0,1,1.1441771126521498,1,1
2.4750590341638317,6.496709031684907,-3.0,81.05590062111818,80.84507042253509,0.002884807891815148,1.1490127095055414,3.786743304471429,0.882814283169833,2.3191926670172602,0,1,0.20783175624131275,1,1
2.361003985387281,6.501860930425647,-3.0,80.57324840764352,80.45977011494227,0.002799872733057584,1.2448697348702353,3.823115377686463,0.851897753783226,1.4468898250687994,0,1,0.2305314323833772,1,1
-2.409459265998042,6.469773342828757,-3.0,24.25373134328362,35.10638297872316,0.0028071378927511078,-3.905768267996109,-5.212062956524733,0.9017976848580137,0.9311016563843433,1,0,-0.7175952198418001,-1,1
2.521156646847785,6.541319909771548,-3.0,39.61218836565107,21.08108108108118,0.00275087731894921,3.712024384661163,4.5512366881167505,0.9038751192296646,0.5498760307518143,1,0,0.6901506160060558,1,1
2.1401596637540257,6.5508425415190485,-3.0,37.46835443038014,20.166320166319778,0.003039036127271454,2.0449157458481295,2.8127948895315966,0.9301489502371514,0.43810825668989495,0,0,0.35041395889686117,1,1
-2.0746546927381244,6.500375207433675,-3.0,33.7264150943398,44.56721915285446,0.003521859976641667,-6.369767371390935,-5.014786131762776,0.5189402283578601,2.3456951109843907,0,0,-0.9714242178591798,-1,1
-2.1633200991476245,6.493352636995986,-3.0,31.33971291866031,42.226487523992276,0.0035639564898425203,-1.7038699482893662,-5.015113861435248,0.4950600858464859,1.1318340037934844,0,0,-0.25732663728210353,-1,1
2.1201270685973403,6.570628598222658,-3.0,54.672897196261665,37.57700205338794,0.0035073139783216717,2.105762284106504,3.8502601151430556,0.5317345071248216,0.6755540347590641,0,0,0.3187099673242276,1,0
2.0544161153226375,6.595390717615344,-3.0,42.90322580645199,26.13636363636374,0.002620286843024662,2.797861721528534,3.02483241543423,0.8635539282525966,0.32692019132417444,0,0,0.5402767462261996,1,0
2.476684949556515,6.615663484938279,-3.0,55.75757575757603,40.24024024024019,0.0016967363567175681,2.547795489427017,4.354636668541207,0.25248850388662164,1.6936478426382875,0,0,0.6872666060111371,1,0
2.435294496638673,6.620785985944368,-3.0,58.98876404494397,39.87915407855013,0.0016861973342875258,1.2351685605622151,3.9412806822652784,0.09657985651129036,1.5150150002459057,0,0,0.33447504541336254,1,0
2.017755779999292,6.6326933416128435,-3.0,70.29702970297082,46.26038781163425,0.002253056125635804,2.803057599254771,2.975907411081289,-0.032307358479213566,1.531466190198908,1,0,0.6084156029390115,1,0
2.3441143705058787,6.6461273759620125,-3.0,79.76653696498093,54.89690721649472,0.0025597497133613965,3.2427814070572367,4.891953867189978,0.10963391206637854,1.632153747272613,1,0,0.6340634036145363,1,0
2.999023030089434,6.681793348228839,-3.0,85.14285714285747,54.54545454545475,0.00287655519279982,8.62637505981479,10.58883650900716,0.41182964802869126,2.0302873142242017,0,0,1.5248642782500752,1,0
2.5338173122120944,6.689676512676666,-3.0,88.01843317972381,61.7903930131004,0.003303790803790832,1.9089428965626212,8.54948894419067,0.770486385539377,3.539075036949341,0,0,0.29927436228305154,1,0
2.2661094686661363,6.69829310726326,-3.0,90.73724007561457,71.58273381294921,0.003702702231216125,2.096962926647393,6.908727027493796,0.9130772823643836,1.9746710633409454,0,0,0.29684005028375404,1,0
2.225675203415408,6.715280900785154,-3.0,91.6095890410961,74.51669595782069,0.003989257685187627,4.1540269657959925,7.044592806289893,0.9589550928106918,4.605005658452933,0,0,0.5496822071941734,1,0
2.054671291148558,6.724989179421,-3.0,91.69491525423749,71.45390070921984,0.004463742943986133,2.375998268707235,5.592507574405227,0.9870171462528051,5.062294430623685,0,0,0.28479431302997527,1,1
-2.0734059170662236,6.705308585839643,-3.0,38.94736842105231,62.23404255319097,0.002814663880782582,-11.825503666654186,-10.567687870696682,-0.717499138261577,1.0698703694860097,1,0,-2.090366809762102,-1,1
-2.1796705424752196,6.69599569221769,-3.0,31.893687707640993,57.86802030456787,0.0030491760736992344,-2.296480516933798,-9.382894595662947,-0.8284354671920022,0.6596329806764107,1,0,-0.3804819791369606,-1,1
-2.053886687492905,6.698315706545534,-3.0,29.80132450331122,57.286432160803884,0.003076430475267399,0.5726799842436776,-5.5145359968487355,-0.8216176445752256,0.5958924164676673,1,0,0.09421292337733837,-1,1
-2.4168036759901685,6.680343174271479,-3.0,34.57249070631971,54.77031802120112,0.002101989941717536,-2.96721372697084,-5.34024617713676,-0.43173236958471517,1.3213494748569954,0,0,-0.6657210284870514,-1,0
-2.0722953194773477,6.669510276749573,-3.0,31.27147766323003,60.09174311926598,0.002260260277664282,-3.8670363359774456,-3.007087520959021,-0.5157554329457376,1.9051771962924227,0,1,-0.8202804349043066,-1,0
-2.724979939472127,6.640311389371971,-3.0,21.261682242990574,42.810457516339916,0.002955362623870905,-7.194866813372073,-7.633205212413668,0.5834740233771049,1.470890921347395,1,0,-1.2374463806782456,-1,1
-2.167876668654792,6.616275973456705,-3.0,25.91093117408927,46.138996138996106,0.0039663039663039605,-5.228369739827031,-8.258205914961717,0.7222050404254864,0.9404479992578869,0,0,-0.7011223789040089,-1,0
-2.032170935640041,6.600678769728486,-3.0,28.11791383219989,51.718983557548704,0.0036921591008868167,-7.924773797490616,-5.156119937612084,0.18423824107255254,0.24960521809790592,0,0,-1.130956505248407,-1,1
-2.153463705473041,6.532818526523003,-3.0,61.69844020797221,73.02423603793467,0.004237027939821929,-6.191196901376088,-7.693976825540858,0.9418932180019659,0.49993029395619554,0,0,-0.7836958103007696,-1,1
-2.9580798107541417,6.511802048806913,-3.0,33.579335793358,52.30769230769238,0.00226554081506474,-8.546758909305709,-8.173173366071524,0.5062790108062303,0.49960876678548566,0,0,-1.832383227109954,-1,1
-2.4890800190551965,6.505505501813445,-3.0,18.855218855218666,43.38394793926234,0.0023855428109423923,-4.524174174727932,-5.218678679564664,0.6203867119543293,9.057414758005887,0,1,-0.935575161686724,-1,1
-2.094566492656224,6.497217814364267,-3.0,23.82812499999973,38.88888888888874,0.004158022748408317,-5.358219401193082,-8.204319559876012,0.7784313561352644,0.1746611187694814,0,0,-0.7010754356701244,-1,1
2.416705058545763,6.548817265781422,-3.0,70.63953488372034,48.35164835164827,0.0027878239903556096,9.425591367109291,7.13872170370737,0.21479760820010166,0.5464889898955676,1,0,1.7159724205400664,1,1
-2.129590561814775,6.494302368427013,-3.0,63.385826771654095,75.48806941431687,0.0024368143710467886,-1.9161256105303437,-3.316230951055604,0.8914382763797718,1.3612420259855629,0,0,-0.38653830759977936,-1,0
-2.051181823186709,6.491221546208063,-3.0,67.0833333333336,81.30841121495314,0.002323739107472962,-0.7701755690757182,-2.9140328826183124,0.8664207153187623,0.5939858330014467,0,0,-0.16141404142305318,-1,0
-2.437335967970952,6.462039610765599,-3.0,46.774193548387245,79.87012987012938,0.002273670454645823,-5.357354065258505,-5.4620696664014305,0.3188484673071204,2.2612739457800926,0,1,-1.1450833116582946,-1,1
-3.1745993106932526,6.471652268186222,-3.0,48.08362369337956,70.90517241379288,0.0026833001953090836,-14.230699244505558,-10.79768358573233,0.6170325582087101,0.4004016283211572,1,0,-2.656397192307688,-1,1
2.0534627197209683,6.550793319612349,-3.0,43.04635761589408,27.59493670886104,0.0024713645963876153,3.664968058571276,4.213094989709271,0.25379175972875206,0.9862699412087735,0,0,0.7288288752840572,1,1
2.0122501410393494,6.555862525688864,-3.0,55.59440559440556,33.086419753086645,0.0022788907357186657,1.261034368577839,4.179205657912189,0.037432945771918615,0.5358684740480902,0,0,0.2670874608183012,1,1
-2.204605712836561,6.512768875695021,-3.0,30.548926014319804,36.6047745358092,0.003490109890109894,-5.990766132541694,-3.8980551031985216,0.875839894761815,0.4652790316633295,0,0,-0.8979735102310882,-1,1
-2.7867291593618932,6.500795838272465,-3.0,64.50216450216422,78.9617486338792,0.002672912168280246,-5.5014325088905025,-7.1554293255373524,0.7583716621286231,0.9886878845894297,1,0,-1.0214861422343218,-1,0
-3.366870866438568,6.465051914759148,-3.0,42.33576642335767,81.84210526315753,0.003017739057415726,-9.022311421246968,-12.13069621086638,0.1881813194809805,1.6524439260136101,1,0,-1.5218356614151678,-1,0
-2.6107886641935383,6.46264200719902,-3.0,40.27777777777768,79.1348600508898,0.0030168752353512715,-0.607471598560096,-8.732561901672716,-0.13999465661813804,0.7058275764383823,1,0,-0.10258868974476966,-1,0
-2.8680465669557127,6.42821077961716,-3.0,40.27777777777799,86.27450980392096,0.0030351339751057377,-8.692391905706245,-12.002366660279359,-0.3940895502230533,0.5825718720531883,0,0,-1.460906202639718,-1,0
-2.381279383631472,6.423042960564913,-3.0,47.81249999999986,88.01369863013639,0.0031943157784341935,-1.3099735092407627,-8.308184512289563,-0.34187053142103274,0.4799643303731566,0,0,-0.21055831377004355,-1,0
2.313281110203042,6.454499555605264,-3.0,57.25190839694647,31.678486997636085,0.0024392152770531007,5.017254826685985,5.294708821353242,0.4183344309926427,3.1287712438657134,0,1,1.0020195088959216,1,1
2.238089452989804,6.477632470799231,-3.0,78.66108786610904,60.0225225225227,0.003963011889035671,4.598238108534815,5.793976595831009,0.9331003030006195,0.8373094297007341,0,0,0.6050313300703699,1,1
2.079047022781566,6.481488106520958,-3.0,78.33333333333351,60.36240090600233,0.003925589696506869,0.990742264499886,5.549634055156048,0.9200171182999438,0.4641155979765173,0,0,0.13147290713742563,1,1
-2.671032765997695,6.394542903409913,-3.0,36.80555555555579,72.76785714285641,0.0029779861745591356,-10.505413232614956,-9.310584315183224,0.49080932699694424,0.9706109806551712,1,0,-1.7698650452058813,-1,1
2.2098281864967944,6.4807073112771185,-3.0,76.90721649484526,69.79020979020927,0.0041118211676044545,7.267781471760827,7.220585272674361,0.8830677380936977,2.174496894711215,0,0,0.9174836844423039,1,0
2.2350341933397746,6.489975492520866,-3.0,89.71291866028717,69.79020979020927,0.00390767533624677,2.406591667457178,7.306646469974567,0.8687537968608104,1.0059844663614474,0,0,0.31755215216211546,1,0
2.1447402699046734,6.496087875224296,-3.0,90.18264840182658,70.12448132780024,0.003944714675524979,1.5854303337250713,5.777314473924571,0.8573126438691356,1.3695664260413398,0,0,0.20724579525817896,1,1
2.239538406624218,6.5093737459077445,-3.0,90.4444444444445,68.05369127516752,0.00393320744811469,3.448093336149441,6.11943119231164,0.82159929838284,1.4527581487660985,0,0,0.45157443130114244,1,1
2.169938540507458,0.4839739364086091,-3.0,71.20622568093455,58.70870870870906,0.003477449999514318,1.8913419704451826,4.071278129871826,0.8412367392452921,2.037279706073794,0,0,0.3093316306802872,1,1
-2.7076238242642914,0.4796436427161186,-3.0,51.75097276264611,59.928229665071726,0.0031656065868029964,-5.175189176667345,-5.56004980161033,0.47814768548973285,6.211350335802362,0,0,-0.9182845180398295,-1,1
-2.242455408942604,0.4795805018969839,-3.0,53.90334572490734,60.5418138987044,0.003245647329031769,-0.19276986460681655,-4.105771694546911,0.383767770167534,3.026884333262106,0,1,-0.03344210786239681,-1,1
-2.39777844371187,0.47871645975730565,-3.0,51.60142348754466,61.78489702517156,0.003248745799035618,-2.644662795369186,-4.79417184628287,0.23506055674865467,1.2699530324242747,0,1,-0.458801476272224,-1,1
-2.160243893791106,0.47840010490614043,-3.0,49.65753424657527,62.57242178447264,0.003190866510538646,-0.9691196643002513,-3.466752501451265,-0.008432051179569916,0.9506079966274904,0,1,-0.1708775226725882,-1,1
2.128202892471588,0.48521474027402295,-3.0,52.350427350427374,41.30626654898509,0.005103781770675925,5.360478792438926,7.172548728800666,0.3571464642713113,0.3689475892456891,0,0,0.6322384422421645,1,1
2.3052962054182116,0.48258656699763863,-3.0,54.587155963302806,39.051918735891896,0.0028801843317972464,3.2920367153851657,2.754425700769616,0.7773737964747744,2.29275759284621,0,0,0.6357036415916162,1,0
2.0833045896241265,0.4826598260172375,-3.0,55.607476635513734,44.24552429667525,0.002874299913228691,0.2202351996793368,2.033763533405454,0.5985757018296851,1.404472459852919,0,0,0.042645820131545054,1,0
2.378647760535399,0.48345075015673583,-3.0,74.8953974895396,57.27482678983792,0.0029901017321968815,2.374119373824442,3.2888661448213496,0.5125235703151402,2.289005384510966,0,0,0.44376063062138915,1,1
2.238462721621875,0.4845642019219777,-3.0,69.82456140350885,44.80874316939871,0.0030893862419332694,8.159866924996777,4.277155018844314,-0.13688342920700486,1.8142971339900784,0,1,1.4836121681812322,1,0
2.298294603019893,0.4854577968198965,-3.0,77.00534759358305,60.33057851239658,0.003684749232343917,2.686140200705495,5.756696709893049,0.4895022626635514,1.2095154270909785,1,0,0.4197094063602329,1,0
3.1673919618053987,0.48983382051987123,-3.0,81.77966101694928,54.97076023391798,0.004178919671877412,13.21035190002749,15.039851423562004,0.5636246124162565,1.9793143912584754,1,0,1.8420809422349114,1,1
2.181897720157001,0.4885815923154515,-3.0,70.78651685393268,48.526863084922184,0.004514705596485424,-3.775361490718069,7.595516408792628,0.47406466557819016,1.4323036183979838,1,0,-0.4944346199256598,1,0
2.047348243229212,0.49010115636434703,-3.0,64.35986159169549,36.17339312406589,0.004860840794083295,5.699515897458241,5.018838153899696,0.08268366774097657,0.8693701210510305,0,0,0.7005550708025942,1,0
-2.4547786254141837,0.4908521237870228,-3.0,28.115015974441107,47.3118279569893,0.004197065976308169,-15.977731777917597,-12.236759360440464,-0.15042038242255473,7.067767791414414,1,0,-2.24586591255869,-1,1
-3.216763099546798,0.487000745258372,-3.0,21.307506053268995,53.775743707093966,0.004983848182797096,-11.430501117887616,-18.302524441740026,-0.5119612963785176,3.286468101375301,1,0,-1.3927503537896098,-1,1
-2.0759362092912044,0.49045422572146513,-3.0,51.03092783505121,68.60068259385699,0.002339106726035203,-4.38090845144302,-3.9284002813651115,0.24199888322421292,2.0127441544430305,0,1,-0.994047298544603,-1,1
-2.4197502648291596,0.48989899188386266,-3.0,37.17948717948723,58.371040723981686,0.0024398625429553396,-5.2000000000000455,-3.7212121209738145,0.3831504103915408,2.3357088254876333,0,1,-1.142857142857148,-1,1
2.138450456947519,0.4941096805043845,-3.0,45.89552238805961,19.67213114754098,0.0033081470461574667,3.314069051076558,6.69145022421344,0.29287949454073364,0.5988595789102287,1,0,0.5685902783709772,1,1
2.152036408923808,0.4945927659835389,-3.0,49.66442953020139,32.34567901234546,0.004329152228024796,4.770006765860899,5.768333906246289,0.5077888273080754,0.8493307542402422,0,0,0.6502443497765584,1,1
-2.5391482785061332,0.4912847456867289,-3.0,47.28033472803361,75.73770491803285,0.002226027397260285,-6.382569491373715,-4.33797294904789,0.7278031835212018,1.8828374480496857,0,1,-1.5017810567938097,-1,0
-3.578865611682995,0.4879418826287991,-3.0,32.19814241486078,73.47670250896033,0.003234891530197269,-9.934324447417339,-11.127571901689498,0.1763063231369846,2.4447366477062866,1,0,-1.7450507184923698,-1,0
-2.6742140343116647,0.48788297556323007,-3.0,30.860534124629098,57.89473684210518,0.0035183814458426173,-0.17512555150801745,-8.368468097747018,0.08261120882067684,2.042102519101627,1,0,-0.028742763436251182,-1,0
-2.40708258253878,0.48721499822877773,-3.0,27.0833333333335,53.73563218390795,0.0038328975516995862,-1.981824011335675,-6.941257214027928,0.2601604471314398,1.414077477750274,1,0,-0.30356166475600893,-1,0
-2.120424250550451,0.48615023684776004,-3.0,41.94312796208538,70.88607594936711,0.004183131485331978,-5.550704263259604,-3.8341080079665515,0.04290266924254037,1.4046766523299643,0,0,-0.7857417561742553,-1,1
-2.0946480437634,0.48456997274951075,-3.0,38.43537414965941,54.078947368420884,0.002981547042186675,-2.459553193478314,-7.6063169285850565,0.3415885825109148,1.6548141287572606,1,0,-0.46344205529873905,-1,0
-2.3964422050720318,0.4835693305308937,-3.0,46.226415094339444,63.80728554641577,0.0034283741120757698,-2.983115163007824,-7.6059364332553745,0.4094529721904911,1.723812443176243,1,0,-0.5001630213426291,-1,0
-2.3855934299865744,0.48229218961536496,-3.0,52.076677316293896,78.17938420348008,0.003685903761891606,-6.406566735884326,-5.257525926853669,0.5718740788225529,0.6409628719543892,0,0,-1.0111830248295435,-1,0
-2.2149604716385585,0.48163333406539427,-3.0,53.26797385620921,75.5158184319115,0.0036779609068348703,-1.97754999890185,-4.981636670985745,0.4124530482246226,0.7642664489583307,0,0,-0.31318665140979574,-1,1
2.100403128229794,0.4828723733108727,-3.0,57.20930232558103,32.96089385474838,0.00254345061466725,6.967394159629293,6.545760043412974,0.13148305750961486,0.4238653881564831,0,0,1.4869438755306337,1,1
2.9656938412618965,0.4856701468062309,-3.0,80.57142857142857,65.8787255909559,0.004447065420199355,10.508288939560089,8.884908378727914,0.8309170745278187,2.8745717869199234,1,0,1.3878872184324615,1,1
2.6759323169696825,0.48685161926119,-3.0,82.64014466546092,64.85355648535554,0.004653876944741854,3.594740647704384,8.660381322459397,0.8553348315435704,2.568343247174414,1,0,0.4554422540077943,1,1
2.1825446148646765,0.48685980510290455,-3.0,83.47676419965563,66.46706586826349,0.0048568925514811505,0.024899110913338518,6.291900653010316,0.8851266404430361,1.2688902044055044,0,0,0.003033834227908949,1,1
-2.200119596701338,0.47482460680658367,-3.0,28.80000000000024,20.576923076922895,0.003755264733891622,-7.113640055757287,-4.721683774656777,0.9391903202308372,0.5403962028304625,1,0,-1.1004526053105221,-1,0
2.603969496399624,0.4760088651211268,-3.0,47.79411764705874,34.09610983981729,0.002460355504250559,3.363139717176182,3.781646135237179,0.9203369278409091,0.8178538505548553,1,0,0.7322543707693169,1,0
2.631790804610725,0.4766330835135987,-3.0,56.172839506172814,44.07766990291265,0.0027761002123472813,1.9149756316749063,4.078342548161254,0.8851235524903925,0.912858677722603,1,0,0.37760082878097107,1,1
2.3706353065701986,0.47694347304933943,-3.0,83.98692810457555,74.12844036697224,0.0033513167962961185,3.761395688654602,4.146060023973087,0.9257387986081487,1.7255236672712402,0,0,0.6329271591486106,1,1
2.311619915173494,0.4773065713255246,-3.0,83.98692810457555,74.95361781076029,0.003362142469576006,1.1228423425068286,3.804508902968564,0.8654398612842523,1.1630487216594307,0,0,0.18848672416181755,1,1
-2.319589190360722,0.47256087736817154,-3.0,10.861423220973336,25.714285714285722,0.0028308598304448334,-4.026523948156864,-3.4786586033896127,0.971199730286244,1.0096857552030591,0,0,-0.79062181310233,-1,0
2.0532738155062407,0.4755555547264313,-3.0,54.50236966824658,43.25068870523398,0.0018946831068876215,2.373333335820689,2.5191111124377583,0.8802417280378344,1.103174807718505,0,1,0.631685678735543,1,1
-2.356553187089665,0.4731940859798358,-3.0,24.6527777777779,24.485125858123254,0.002747062375639755,-3.731235860185734,-3.9597632475601587,0.8945460076329169,1.1740945641509621,1,0,-0.7516158567280591,-1,0
-2.310847839269786,0.47298718392373545,-3.0,23.278688524590436,22.107438016528718,0.002823793312225194,-0.6309858677111606,-3.4963463665121255,0.9476565373126555,0.5893531434207102,0,0,-0.12459523480897372,-1,0
-2.009645420074026,0.47301691571763593,-3.0,25.32051282051289,26.6375545851526,0.0030057436487545574,0.09047462642342907,-1.8519310233253692,0.9578467688866446,1.6128943983799906,0,0,0.01697915241190355,-1,0
-2.1870382801530917,0.47258811595720907,-3.0,24.000000000000384,28.57142857142857,0.0032271197211768674,-1.3054823768084134,-1.989341391276912,0.9622008993525127,1.7453636496387985,0,0,-0.23135130728250297,-1,0
-2.4361855104793992,0.4719533878630035,-3.0,41.025641025640994,49.04214559386974,0.001908149742424727,-1.5214694860164855,-2.1456863528235317,0.4020142715146537,2.927627500338809,0,1,-0.4072767266583277,-1,0
-2.1519369047155887,0.47191566467609064,-3.0,36.58536585365796,55.41125541125533,0.0018449264522563177,-0.11459397124485804,-1.7312337341295916,0.668045293082645,2.0104611087711834,0,1,-0.03145716857701957,-1,0
-2.783141239385069,0.47115195356299094,-3.0,48.66310160427803,66.22950819672121,0.0023882498109302464,-2.3182474659745367,-2.9155602304256263,0.3199182184855021,0.7534383958145872,1,0,-0.5234752342523109,-1,0
-3.656162596578752,0.4683350220858531,-3.0,44.31818181818149,77.94432548179844,0.002692131610899928,-8.583196895336641,-8.589468560710793,0.09271264734052845,1.5625997874690496,1,0,-1.7645338698195585,-1,1
-2.5504515613704277,0.46869585079292553,-3.0,37.96791443850226,68.14671814671766,0.002889827806122472,1.105914274916131,-5.209462839865774,-0.10622420274716615,0.8116240126623897,1,0,0.21503888678924635,-1,1
-2.0611870689725893,0.4687990066854998,-3.0,47.72727272727281,71.9230769230767,0.0029021435042760773,0.3155220859605379,-2.9784886296063178,-0.11276497402396614,0.7164126757777586,0,0,0.06109694610577462,-1,1
2.19905898492274,0.4687345471041461,-3.0,42.990654205607505,36.20981387478843,0.002807916415511357,4.099950550733411,5.086764666323734,0.759393823055829,0.5528628280786643,0,0,0.8211632004330139,1,0
2.183337012211027,0.4695548780688103,-3.0,33.33333333333333,17.321428571428925,0.0025467148884870425,6.681614024632609,4.069671097692662,0.6113862525910491,0.8990735788670714,0,0,1.4457897425789252,1,0
2.2335177747587984,0.4702050257440619,-3.0,41.89189189189233,17.996289424861175,0.002345955612711364,1.9689021132739981,4.760057533241161,0.39560823029088,1.9230216598511614,0,0,0.4541125137699498,1,0
2.0369674025647377,0.4723082548588523,-3.0,35.20000000000009,32.1995464852608,0.002125430626347295,2.830925495893098,4.0785899258676634,0.5407697715002809,0.33616223151585195,0,0,0.7052127569840423,1,0
2.0850707697643243,0.4726786897381588,-3.0,37.25490196078472,31.62583518930981,0.0023368731325203885,2.623500331266996,2.7650367317482507,0.8242255169601096,0.44074097496996006,0,0,0.6091045545230178,1,0
2.468943240071309,0.47360117966753834,-3.0,17.07317073170718,14.913957934990734,0.0024602612129189095,4.830416515345632,3.2990218964836004,0.9545121800770684,0.6041173677566792,0,0,1.0802848436875192,1,1
-2.0355246028604537,0.4691304786470253,-3.0,58.73605947955353,66.36363636363683,0.002929677634436846,-1.6184785898528844,-2.498974227112876,0.9110114654218909,1.0516786736196302,0,0,-0.31470417024917197,-1,0
-2.0254697282660845,0.46878113622059764,-3.0,56.22775800711746,65.01272264631056,0.0029350741359242954,-1.053022250471713,-2.680099635905799,0.8520556085464246,0.5127969693179857,0,0,-0.20475432648061084,-1,0
-2.222487327109731,0.467804475102098,-3.0,46.12546125461232,65.58891454965351,0.0027527021009594024,-3.298293287346951,-4.090830154775494,0.791588044601125,0.37658422185266166,0,0,-0.6750892693400182,-1,1
2.1590047875121536,0.4709755435575463,-3.0,36.43617021276611,29.108635097492822,0.00320460566537601,1.736388046110278,2.70963717612658,0.8844419423797906,0.23080669785565475,1,0,0.31611745962995824,1,1
-2.0240587547178963,0.4679136310070157,-3.0,24.37357630979477,32.72335844994642,0.003860034038015927,-1.5743309048054925,-2.689571175068795,0.4000377585866528,0.34478183906390364,0,0,-0.2468155953782421,-1,0
-2.421613554258788,0.4648494999800136,-3.0,32.960893854748505,65.50802139037417,0.0023126021399278115,-4.402010049802129,-4.730761889795713,-0.22604061738291512,0.7285519605083521,0,0,-1.0445447575801783,-1,0
-2.614739618356478,0.4638175506456895,-3.0,20.744680851063407,66.7560321715817,0.0023895354825419525,-3.085527020258496,-5.464751213268937,-0.4881651296593063,1.5453344345503224,0,1,-0.715188382179126,-1,0
-2.332287346589554,0.46334536272979965,-3.0,22.807017543859274,73.58490566037713,0.0023694485366079683,-1.4120288705514668,-4.8648837245993946,-0.5903051886682221,2.3280343202443814,0,1,-0.3294734031286768,-1,0
-2.1924060525631717,0.4619816835094894,-3.0,26.99386503067447,78.60360360360364,0.0026365387190129368,-4.257835151585596,-4.480761379192245,-0.6433178104589888,1.3923176613057426,1,0,-0.9142590816288114,-1,0
2.9470983514948603,0.4651387042230873,-3.0,86.31756756756768,99.44367176634202,0.00461052423733834,4.865042276063832,7.121698555509283,0.978755818964702,1.5018582757074057,0,0,0.634176833006458,1,0
2.661472408328671,0.4657406508036863,-3.0,86.10634648370507,98.3263598326356,0.004793135756200998,1.872592520642911,6.8400559494798925,0.9732898407880599,1.4553866926932362,0,0,0.23575805116007864,1,0
2.611550473305163,0.4666666657117174,-3.0,88.83495145631085,98.37177747625474,0.005077464511816296,2.8800000037242626,6.2626666718997965,0.9659967644126523,2.021279828119271,0,0,0.3437340157897666,1,0
2.0503530226494173,0.4663736125714871,-3.0,88.68852459016412,98.39999999999965,0.0050764165315249,-0.912571392685777,2.7200616041598096,0.9637588997464982,0.39996793626381394,0,0,-0.1089173017698283,1,0
2.0302774830530335,0.4677854061637379,-3.0,90.86378737541528,96.01593625498006,0.005198279325448559,3.0579862689055517,3.4602278145631318,0.9494891696186206,0.987080884670352,0,0,0.3564680080322864,1,1
-2.4921017530190666,0.46418494405716576,-3.0,34.9593495934963,48.42883548983382,0.003078775200071042,-3.42064256364597,-3.3758150559429394,0.813221630375967,0.29497050135749486,1,0,-0.6268193179455976,-1,1
-2.4357445810592924,0.4636593894664981,-3.0,31.906614785992332,45.507812500000114,0.003160993342157773,-1.6390978168399215,-4.005113013887876,0.7762758145289124,0.4549473173782038,0,0,-0.294197044048191,-1,1
-2.040479432137714,0.46364364686763304,-3.0,27.983539094650084,46.65391969407266,0.0030263833484734876,-0.0491011056149091,-2.4871155264127536,0.7522145523266012,0.27639921082832936,0,0,-0.009129023620301803,-1,1
-2.067731296183154,0.4628851770803032,-3.0,23.880597014925556,44.82071713147386,0.003117206982543641,-1.7130951989634013,-2.1096918583357365,0.7506975486096318,0.38592111133116874,0,0,-0.31147185435698205,-1,1
2.180487241924998,0.4673619151061703,-3.0,66.42335766423325,26.243093922651468,0.0018742621015348242,2.0759752774033586,4.140200844245101,-0.20159313047279032,1.3519475885199592,0,0,0.5578436445997519,1,1
-2.0114467702047714,0.46292055169325685,-3.0,29.42528735632152,46.559297218155024,0.003568691081756387,-2.2148317793225942,-3.374831779322631,0.6425187420334689,2.2314673428636573,0,0,-0.3618161599826864,-1,0
-2.0724729893072573,0.4622647617281611,-3.0,37.75811209439489,54.358974358974244,0.003147733631785126,-2.033014287038668,-3.709430248692752,0.5476740367076179,0.7188440781898142,0,0,-0.36963896127975676,-1,1
2.372343089143282,0.46627782991870526,-3.0,62.73458445040209,52.13414634146357,0.0034356797314640973,10.056617120292685,7.724396613482805,0.9111728787554104,0.4065637965245626,1,0,1.684122484259547,1,0
2.0937252790443996,0.46613995499665073,-3.0,64.28571428571438,50.666666666666735,0.0035034837179423756,-0.42787810350773725,5.581851016386281,0.8879474582838537,0.3799732429488235,1,0,-0.07055704887053393,1,0
2.3481132704839025,0.4671197393461028,-3.0,78.65497076023408,58.56164383561649,0.003444248698509478,5.1816310616459305,4.701854998674162,0.7626928145059356,0.23923473410219126,0,0,0.8677372591273075,1,0
-2.2137841942370677,0.4651215141494895,-3.0,54.27350427350434,86.41509433962298,0.002374534719548192,-6.004680479237095,-4.512583267917535,0.5719225950257949,2.0794406852423495,0,0,-1.3537121853352567,-1,1
-2.1994609389960242,0.4641121992194336,-3.0,21.75324675324694,32.27091633466172,0.0033000009969791667,-3.6851590375019896,-4.049562742032913,0.8527382757975241,0.762577509913818,0,0,-0.6432945950751581,-1,0
-2.454663889351315,0.46302948047231673,-3.0,22.789115646258594,28.421052631578945,0.003114922676038073,-3.3427854933697745,-5.170251436185481,0.8522648610898798,0.5572175972604952,0,0,-0.6125523155389614,-1,0
-2.1528340183643317,0.46219003687837745,-3.0,16.551724137930876,34.633027522935635,0.003227676073227272,-2.9327891143229863,-4.214979151201442,0.7596682531568235,0.9669703918336753,0,0,-0.5223797404646546,-1,0
-2.3542958192748373,0.4577356572840501,-3.0,60.499999999999304,76.00554785020825,0.002822967463426344,-4.692827887408612,-6.823550241009661,0.9091799680445526,3.0100586345714255,1,0,-0.9319090840244022,-1,1
-2.0754716988091064,0.45747651812614126,-3.0,65.55555555555492,62.801932367149895,0.0014567147613762305,-3.8779893512003127,-1.7358872870055166,0.5638670637629135,0.6844851644900919,0,0,-1.2509643068388212,-1,1
-2.577444179588564,0.4570829099836266,-3.0,39.090909090908674,52.680652680652415,0.00153508336148479,-1.6287512700489515,-2.00635045721765,0.21445933785814064,2.642903091781465,0,1,-0.5078511755163809,-1,1
-2.7597694776690753,0.45659358168252384,-3.0,23.232323232323083,50.96618357487946,0.0017547696926915942,-1.5392310143554369,-2.828296790841205,0.04451580038745293,12.595337761389882,0,1,-0.43710414200763154,-1,1
2.6743204165667778,0.4600944889445089,-3.0,64.45086705202334,59.052453468697045,0.0035394309343309968,10.155867715477825,7.799622044221951,0.5770617850586615,1.0595169568570608,0,0,1.6552054483898693,1,0
3.0355293747112797,0.4615774775864415,-3.0,69.28934010152318,57.31922398589084,0.003895211930926221,4.6768957656893235,9.333720522171642,0.6692810301121892,0.41201575318327144,0,0,0.7010336265487201,1,1
2.095912804033743,0.4612341758094585,-3.0,67.64705882352956,60.41666666666673,0.0045969125214408435,4.437974681295145,4.139556967085946,0.8290604623000591,0.6004784754058383,0,0,0.5763603482201465,1,0
2.3995253222709696,0.46254948403304535,-3.0,71.2121212121214,59.18367346938764,0.004832004695065311,4.156373710082562,4.712247030957951,0.8310242697516902,0.7125552225292994,0,0,0.5158619852939332,1,1
2.040736643881381,0.46262825188202183,-3.0,65.40755467196841,50.14084507042241,0.005085926158433736,0.24870556769110408,3.3628042304703287,0.7290537398741219,0.3116344641470761,0,0,0.029582650362578095,1,1
2.4731512370742985,0.4640562355029862,-3.0,53.505535055350734,44.07713498622623,0.002780960214643135,6.746405623550345,6.25558240142027,0.4379526925837866,1.721847488837878,0,1,1.334035010306562,1,1
-2.3929449007747157,0.45968533734652917,-3.0,50.0,60.465116279069925,0.0031284740326817497,-12.083136569853423,-7.870884839730797,0.09137304575415076,0.5723252637358253,1,0,-2.1799473193034427,-1,1
3.0658259389758653,0.4684861281149994,-3.0,64.41605839416081,57.59493670886048,0.004291307450481216,14.231317849808647,11.202195414083326,0.5580593491101106,1.3544405142152633,1,0,1.9343538824982585,1,0
3.4779097025064125,0.4737307069675634,-3.0,75.10204081632652,65.33333333333312,0.0050432482324842395,16.583885051226844,21.72679000532339,0.7825874923566448,4.759450972747806,1,0,1.9347865893097949,1,0
2.45613048040627,0.47282161705888687,-3.0,67.18750000000011,53.157894736842,0.005563628020801483,-2.8810162549993947,13.252510280764636,0.7518767401962189,3.0476487283655183,1,0,-0.3093115611195662,1,0
2.919506917169097,0.47873047457601164,-3.0,85.006195786865,49.582637729549255,0.0056286508251573815,18.675556661016117,22.682997671863767,0.6200940393398625,2.586030390300062,0,0,1.9643710988296421,1,1
2.4040441770755185,0.4794285707250235,-3.0,83.70098039215691,48.37133550488601,0.00563312333276577,2.20394285214752,15.148811421690652,0.3241754551969421,2.7256684151922417,0,0,0.2318196839223535,1,1
2.0800105560689883,0.4790079991367301,-3.0,67.09677419354898,41.144901610017975,0.0020948054550833993,2.6370239974103242,3.9644678348377966,0.23307615669637263,1.3302989794920284,0,0,0.6376223827935068,1,0
2.38507940286425,0.4821885373690462,-3.0,83.81742738589199,48.571428571428356,0.0027237501539511275,5.78880150388818,6.514324009164147,0.013293053369323007,1.8552751348983376,1,0,1.1334716231389337,1,1
-2.157433904587989,0.47648714514494367,-3.0,64.78149100257066,77.68595041322287,0.0037688799552475136,-1.6652129887895626,-4.7339710979767915,0.8267638227322788,0.4100249682877073,0,0,-0.24933670420378476,-1,1
-2.2155975063937468,0.47417870117194305,-3.0,43.999999999999865,86.92052980132448,0.002996770516717332,-4.40093953222663,-5.051550544922202,0.3900747157392891,0.2936111039369715,0,0,-0.799132988990567,-1,1
2.846540358382523,0.48556388380830384,-3.0,68.06930693069312,56.73249551166968,0.0035526562793316875,6.112856896178982,6.249184871005309,0.707258543291187,0.6585143040833431,0,0,0.9540690807860216,1,1
2.1878633219294366,0.48566233837808614,-3.0,65.36082474226797,59.009900990099,0.003917171755080585,2.8973142833524435,3.9165225980754714,0.547697556951141,1.3680564713721515,0,0,0.41602461504548,1,1
2.541860210905343,0.48532551432237253,-3.0,54.77582846003906,45.724258289703215,0.00395835287496484,3.451467448567655,3.7725560084650622,0.6079080291582376,0.9114472714663431,0,0,0.4910624418693802,1,0
2.3872124319464607,0.4860135382345265,-3.0,57.38498789346232,39.95327102803743,0.0032476065327576836,3.598250091467662,3.164054152937979,0.23466705320131814,0.8521235234946747,0,0,0.6054747750065724,1,0
2.253453915558974,0.48639672971528064,-3.0,56.75675675675671,29.395604395604195,0.003198154261704716,1.2000000000000455,3.002999104825676,0.12946993798880946,0.45635140078781017,0,0,0.20437956204380156,1,0
2.6089514102244173,0.4884136590784878,-3.0,62.62376237623758,39.21568627450991,0.0030668259984689547,5.98823492504107,6.188805619100412,-0.10223741637771429,2.7376017290116184,0,0,1.0518856831941559,1,1
2.321278204419011,0.4888910196202045,-3.0,67.46666666666633,34.383954154727704,0.002956534735780172,1.495565996139021,5.160005752974575,-0.26683139246119264,2.0552320512228164,0,0,0.27086576902905724,1,1
2.3358588741851487,0.4885242754765996,-3.0,64.75409836065565,59.94475138121526,0.002291651108953813,2.174753406048694,2.529245058277411,0.6323650016906072,2.5782007767566997,0,0,0.48251264159558355,1,1
2.921404824160743,0.48967495103030473,-3.0,71.23745819397956,66.66666666666666,0.0025148286569606645,3.6047227595390723,4.740650097939261,0.4160357403911285,7.764071362695053,0,1,0.741059010771609,1,1
2.7549752849466755,0.49025362837895886,-3.0,68.95306859205758,54.66666666666667,0.0025518504401826057,1.8158876993265949,5.00356739473018,0.14095501586413622,4.457353336567017,0,1,0.36897572990670724,1,1
-2.400867147510167,0.48349814423412263,-3.0,64.11960132890349,76.29139072847684,0.0033916126210792007,-7.2305253183137665,-5.947060551573577,0.6184947178026557,0.4507800103014457,0,0,-1.164871742881382,-1,1
-2.2056159744416046,0.48115492215042477,-3.0,59.77653631284924,67.48057713651474,0.0030234315948601933,-4.378751966363552,-7.772738939248393,0.690874651320553,1.6735058502255113,1,0,-0.7701322553905688,-1,1
-2.0279415035122823,0.4813111536031449,-3.0,63.49453978159133,86.34204275534447,0.004635482511588729,-6.889246577433369,-7.971121330783808,0.9242146316773266,0.6817151909637696,0,0,-0.8372348271186351,-1,1
-2.0044454079523786,0.48187902968349206,-3.0,36.18677042801508,53.29457364341089,0.003008385073289379,-2.2379846472970257,-4.046038684961604,0.2517875422752942,0.34440548190806136,1,0,-0.3926288854907065,-1,1
-2.1960379631551468,0.4811960549030042,-3.0,36.18677042801539,60.245901639344034,0.003079527775235642,-2.214272504315659,-4.245653519852249,-0.03345759335896046,0.2744177622031025,1,0,-0.38130153825854035,-1,1
-3.1135163486389423,0.11037527723294999,-3.0,61.24401913875604,85.15709642470186,0.0030357142857142653,-6.062141356744007,-3.523311322834843,0.6478600637797951,3.5280130565697894,1,0,-2.7377412578844003,-1,0
-2.6087572296925563,0.11026306354645743,-3.0,62.43902439024389,84.7896440129447,0.003486937396062433,-0.4066580173895886,-3.004449170884038,0.7119383001162448,3.1920704396539583,1,0,-0.1699466341329627,-1,0
-2.5924054950072417,0.10966987679837704,-3.0,53.24074074074065,85.55758683729424,0.0037806167243016548,-2.845048151975732,-3.225449531452898,0.7560878239813967,0.9810679093175978,0,0,-1.1347770406740822,-1,0
-2.138112921739389,0.10967510815552486,-3.0,51.1111111111111,80.58510638297867,0.003966259870782468,0.01901815974872534,-1.4948968006723475,0.7091578171101217,1.246862298638302,0,0,0.007375463614464139,-1,0
-2.068185969644527,0.10913747554982502,-3.0,47.86324786324789,78.88307155322845,0.004172524422335158,-1.6020323875291638,-2.0521331800724854,0.47056171671570934,0.8015306353417725,0,0,-0.6037268755157023,-1,1
2.0274400426309787,0.10997220740745149,-3.0,69.70954356846481,53.47222222222222,0.004503940948329796,1.4019110637038352,2.1307470874078036,0.518494264837526,0.5324606205602972,0,0,0.5006825227513692,1,0
2.0169446583323865,0.11023926594134616,-3.0,73.3624454148474,48.857868020304736,0.004332259219477283,1.12051720933772,1.2350837121059612,0.015741139618856745,0.4895339036630423,0,0,0.41066075734890156,1,0
2.5163566792528362,0.1109501732711641,-3.0,80.48780487804898,47.457627118643984,0.004875579474609705,2.5730590989899156,2.958035918337157,-0.3280902199539766,1.8601978774380015,0,0,0.8690670056901986,1,1
2.1112586755971408,0.11118219739494739,-3.0,54.66666666666656,44.067796610169346,0.0021176596733264276,0.4725563277561946,0.8036617519646256,0.550634823251216,2.89853689306562,0,1,0.2559299260575133,1,0
2.1308370227761824,0.11128756061961136,-3.0,75.37313432835916,59.04255319148959,0.002579192739262219,0.6666137318140954,0.5130393855642978,0.701632605124938,2.2490737680680453,0,0,0.3268858930086638,1,0
2.750393453725231,0.1117598453190213,-3.0,73.28244274809205,59.076600209863756,0.004030838555234785,2.1560038670244808,1.7072305200525193,0.9273514763507211,3.5749879280665118,1,0,0.8179960471095622,1,0
2.2865295376647374,0.11187327794069399,-3.0,71.2418300653597,62.83482142857151,0.004889717522074066,1.41712396676445,1.514512398827037,0.9535212220379038,1.1591799833347254,1,0,0.47463482140436236,1,0
2.088058972572953,0.1129041178075918,-3.0,75.51020408163218,35.889570552147234,0.0024319832035692374,0.5483862939731239,1.1938778718307503,-0.010592402814333856,0.5969869315268606,0,0,0.27517591812271475,1,1
-2.051388222750237,0.11134909555224543,-3.0,34.75609756097569,52.89052890528894,0.0029945393693852286,-1.6811571568418913,-2.2094225264950067,-0.203748745439319,1.3215652176350732,1,0,-0.7592322643802104,-1,1
-2.1837072925810515,0.11108668792993505,-3.0,29.569892473118244,53.28376703841399,0.003321437405038683,-0.9556092865541927,-2.034267620612752,-0.45500457826887847,1.5293034481217458,1,0,-0.4078820125536194,-1,1
-2.2059564326375782,0.11074241360665825,-3.0,21.27659574468035,40.176991150442326,0.0026109660574412013,-1.0181045869341006,-1.234272180347034,0.1515166823879423,1.0528527353292367,0,0,-0.49663638387029807,-1,1
3.228315744808263,0.11225110558222307,-3.0,58.115183246073,27.51677852348972,0.003149966564600677,2.8990044223289146,3.013711832498143,0.29232688905010606,1.7090140305580652,1,0,1.2722903420879326,1,0
3.2505041074871315,0.11290545726475096,-3.0,64.4444444444443,21.076233183855933,0.003423038537635887,2.366135280341325,4.093565256921511,-0.21153887508041447,3.257878414517224,1,0,0.9873589843451182,1,0
2.5608100471636854,0.11297140483983958,-3.0,66.94214876033033,30.708661417322816,0.0036771128113754496,0.2382801495089666,2.830627434741632,-0.39911087156541525,2.8409318946222535,1,0,0.09517609395507967,1,0
2.06214782362233,0.11432438351242634,-3.0,60.88709677419337,67.0349907918968,0.003744865909640028,2.531405369892468,1.9818213481725366,0.5179268235743079,2.2740733644870157,1,0,0.9927079881931219,1,1
2.1794910266799956,0.1149201454113099,-3.0,41.57303370786514,30.6513409961685,0.0030215426411939624,1.3096805816452388,1.8937203659609168,0.5247767930126422,0.4371650212289098,0,0,0.5848653315162179,1,0
2.3576926094106616,0.11505144224493931,-3.0,48.170731707317,31.537450722733283,0.0030284043441937943,0.4685977402654089,1.4955496052207764,0.4464734390176265,1.0244497210502703,0,0,0.20892892878075647,1,1
2.513572965322453,0.11581038843995746,-3.0,38.9105058365757,26.26112759643921,0.0039215686274509465,1.9226937038497454,2.356684625230173,0.5290643214769609,1.4876160646821137,1,0,0.7394975784037521,1,0
2.3107161312915867,0.11600554141995467,-3.0,51.40845070422549,27.286027798098104,0.004056265450367299,0.6875229742626061,2.347730777510924,0.5130421625402093,1.4253786911159259,1,0,0.2580515184899873,1,0
2.512291555295242,0.11658748963759934,-3.0,55.19480519480531,27.186588921282876,0.004209833339108112,2.0582937448187977,3.0661678474654877,0.23141034753476955,1.4032669202777874,1,0,0.7523789145551772,1,0
2.2058957209557835,0.11674581624616877,-3.0,56.60377358490579,25.94514455151962,0.004479418886198524,0.5599050205045728,2.3483514241329884,-0.0075729891454753735,1.147423009333583,0,0,0.19645790193142973,1,1
2.2956954492095942,0.11785795879900288,-3.0,61.93181818181852,44.96919917864461,0.0024152916529598025,1.250358529958305,0.9690029700283731,0.17962847904509077,3.343298646555164,0,1,0.6262976536463798,1,0
2.292963872837124,0.11828140055288898,-3.0,74.7863247863251,60.25641025641046,0.003204688785302977,0.906436235355784,1.0567478320383998,0.7746420729300646,3.4099350294238864,1,0,0.3880766756874924,1,1
2.3313414844450806,0.11850829497007252,-3.0,71.91489361702139,52.51396648044687,0.0034046275491827023,0.7995304612097129,1.3977237418586583,0.8210382294554351,1.7615295549516337,0,0,0.33067729562587916,1,1
-2.2337753687133053,0.11723438349006032,-3.0,14.754098360656116,48.831168831168696,0.0025245930181945005,-1.9413828082549571,-1.6640884138976388,0.25994196695040733,1.47778873411871,0,0,-0.9536617303708524,-1,1
-3.7007932173611064,0.11596567852586405,-3.0,44.444444444444436,72.42394504416093,0.0034310667498440445,-5.360206857802723,-4.512265080447707,0.48380817440205826,2.2987455391447416,1,0,-2.2202040239419554,-1,0
-2.943581893052605,0.11578503109406102,-3.0,42.696629213483014,73.80000000000007,0.0037406700225655286,-0.6421074844529926,-3.8727715307029484,0.3543934478129705,2.5013668968856515,1,0,-0.2528693328366215,-1,1
-2.305520479155261,0.11581833518176154,-3.0,43.6464088397791,75.42288557213936,0.0038675662082242163,0.11836332963650875,-2.364891450351172,0.3600479372112829,1.2373356141991148,1,0,0.045649769005816035,-1,1
2.4781078556167775,0.11726636917950256,-3.0,76.2237762237763,37.580993520518405,0.0023016540991772404,2.0338855659641695,2.4464897623057142,-0.28805660816841877,3.196968500681396,0,0,1.0392116030473868,1,1
2.1164885470370303,0.11730969756725469,-3.0,76.388888888889,40.9663865546221,0.0023166023166023165,0.15364963510870666,1.958925964496848,-0.19653198410065648,3.2606797453214695,0,1,0.07822163241897793,1,1
2.0094749664414877,0.11745495483982413,-3.0,79.0123456790124,42.18106995884796,0.00244829475414327,0.5154166670926656,1.64690090115879,0.13130087190052386,4.348960312696844,0,1,0.25497644308471085,1,1
-2.3782794512825283,0.11305022398894565,-3.0,25.000000000000227,82.94491525423709,0.002380368957188358,-4.610703937158917,-4.559974826173743,-0.6757609492100454,0.5848125701239081,0,0,-2.338762866674816,-1,1
-2.1552250442107788,0.11290143549442717,-3.0,23.255813953488413,66.68918918918897,0.0024146105891649835,-2.1354428728223525,-2.397391963064706,-0.7059705902551808,0.8969065886100597,0,0,-1.0773405484509164,-1,1
-2.0073950331680184,0.11272429777609647,-3.0,25.0,69.08967391304333,0.0023724583941092635,-0.6381728933283171,-1.8780031631812335,-0.7579811340283813,1.0239326500122135,0,0,-0.32488801842168935,-1,1
-2.151225479000704,0.11200175204161335,-3.0,50.85714285714273,69.72128378378375,0.0027740944936841235,-5.552124394954603,-3.712254049593844,-0.021431111399117426,1.3364596350278788,1,0,-2.5996569073366107,-1,1
-2.46184419278233,0.11107934501758684,-3.0,45.87628865979375,71.547619047619,0.0030115735471783786,-3.3716726688041945,-5.848170273012988,0.07032470804067795,1.6655496145237503,1,0,-1.5129300436941957,-1,1
-2.16900018725672,0.11150511148250158,-3.0,27.4131274131272,39.517896274652934,0.004099378881987562,-1.1931046928627325,-2.7833567929728473,0.7600886551843653,0.8187898853117139,0,0,-0.45022818598593795,-1,0
-2.2080921322407923,0.11136100237255744,-3.0,33.94833948339483,47.69230769230772,0.004274563251146064,-0.5201901334530703,-2.05285556821035,0.6388042887539921,0.7928073306180509,0,0,-0.1908954618176409,-1,0
-2.1949378208383474,0.110855073957367,-3.0,32.520325203252156,57.53012048192767,0.004304097288507062,-1.4522014688415652,-1.661673942168693,0.27294614443281395,0.6202786524633647,0,0,-0.5301387369956191,-1,0
-2.0124828785139806,0.11072251491211693,-3.0,32.0,57.95523290986074,0.004335439118047774,-0.48321675447363077,-1.5773181381909125,0.15789968143056282,0.4561043191368014,0,0,-0.17571518344495768,-1,0
-2.024733183585558,0.10933329781295736,-3.0,61.999999999999616,87.82104391052181,0.0026331084770241154,-2.1534656259196368,-2.7829056813314197,0.5711022150412409,0.747240128528191,0,0,-1.0413996118436997,-1,1
2.4412251812649735,0.11190106455030431,-3.0,70.8860759493667,50.65252854812394,0.0034079844206426325,2.6021328742858145,3.8969148158310873,-0.05010261415102557,1.7355259454623317,1,0,1.0842220309524258,1,1
2.0671855364439944,0.11189240852638924,-3.0,68.85245901639328,52.010050251256345,0.003442865858973222,-0.031779082409855164,2.5937697980200367,-0.28693830157347894,1.0354634897315542,0,0,-0.013182434184828853,1,1
-3.1769306506776216,0.11030805158655535,-3.0,25.308641975308717,58.41995841995834,0.0037160385626643375,-5.650379003154285,-5.174879025459006,-0.2740500876630882,2.1258260446907555,1,0,-2.2473098307999964,-1,0
-2.9932285837295405,0.10974357629907232,-3.0,19.565217391304373,57.582184517497424,0.003921844497986329,-2.0852819612038047,-5.451907383352693,-0.6635168711302185,2.198382634766568,1,0,-0.8042409767728157,-1,0
-2.169036657090096,0.10999185428343243,-3.0,18.181818181818343,53.183153770812915,0.004170046196706287,0.9188541916735176,-2.974584848967163,-0.6147368575250837,1.516255892484472,1,0,0.34167220938723064,-1,0
-2.022671607292094,0.1098263540992257,-3.0,16.203703703703695,52.11132437619965,0.004400770576695363,-0.6095383022924921,-1.8998855940939847,-0.551250404995486,2.100745954149916,0,0,-0.21937111136490697,-1,0
-2.0330372616595347,0.10951153347471627,-3.0,13.839285714285822,50.98231827111983,0.004531214046763549,-1.1585088207210106,-1.345758479491019,-0.6111766181882715,0.9773573485739662,0,0,-0.40957382550742777,-1,0
-2.3580425396040305,0.10857005954012608,-3.0,77.50000000000001,78.27352085354013,0.0024609402368107637,-0.8988445477691016,-1.3622581967564997,0.8974330927362885,3.1680094776080594,0,1,-0.44862116466194,-1,1
-2.1988301946161894,0.10850770446429234,-3.0,77.7777777777777,82.36994219653164,0.0026885005499205535,-1.7277972342859016,-0.9121513314822891,0.9726581302116366,2.0478125540376966,1,0,-0.8227605877551935,-1,0
-2.225505527865103,0.10812182762231923,-3.0,47.03196347031944,64.1493055555556,0.00367114970524902,-1.1080710654197787,-1.280355327098721,0.7637573919878506,3.323730568231234,0,0,-0.4457757159734755,-1,0
-2.066987795086226,0.1079137652559509,-3.0,41.666666666666536,62.51121076233193,0.004035462621196328,-1.1258998384845427,-1.3397841457283675,0.5619904619471368,0.9318935765076909,0,0,-0.42775027785030156,-1,0
-2.025381816605788,0.10776701630020798,-3.0,40.54054054054036,63.0198915009043,0.004049800162699391,-0.5500000000000114,-1.1980389020545659,0.47741065058997034,1.063794452176448,0,0,-0.20867208672087162,-1,0
-2.0430150693881606,0.10758567488359301,-3.0,40.54054054054067,65.57239057239067,0.004098288258050838,-0.6796495862777192,-1.2539530132730647,0.41014315675090013,0.8323670670290825,0,0,-0.25578210236258253,-1,1
-2.197111528159036,0.10702820358243897,-3.0,35.869565217391425,67.51677852348998,0.0024258091932856315,-2.997431760246684,-2.6323228453313847,-0.23628922207326378,1.0376398829275393,0,0,-1.5149474600524793,-1,1
-2.1249012712819795,0.10696108582809824,-3.0,33.707865168539826,69.70091027308214,0.00218622765091165,-0.25297158323269286,-2.160681264666755,-0.3830728624576359,0.7601040172916415,0,0,-0.13440615427923006,-1,1
-2.5410671615501887,0.10639533342818204,-3.0,23.364485981308718,44.43219404630635,0.00461443620473952,-1.4882558663442182,-1.6411046003129968,0.5605786527670944,0.9585614397183007,0,0,-0.5281516382463655,-1,0
-2.0410442906720947,0.10634546023634682,-3.0,20.33195020746915,37.989949748743726,0.0048651603498541945,-1.3300236005109696,-1.0716923005812646,0.5459231061305784,1.7549993460167128,0,0,-0.45750197560574096,-1,0
-4.140692407105948,0.10012929038271862,-3.0,17.17990275526745,63.16472114137483,0.00913632433471037,-22.521900568625995,-17.04007898935413,-0.5531822091757947,4.165936567673643,1,0,-5.122771859638721,-1,1
-2.742292484645989,0.1006468998934844,-3.0,21.71874999999997,65.02002670226994,0.009507230851633658,1.921746629712402,-11.386605927241623,-0.6810591755057103,3.203463888120677,1,0,0.4223618966400876,-1,1
-2.1891743132270594,0.10072776274448544,-3.0,21.962616822429922,62.83687943262429,0.00980542069650983,0.30000000000001137,-7.464998382507315,-0.7516763533641396,1.475902769858562,1,0,0.06431852986217688,-1,1
2.6928958707183677,0.10062282571231114,-3.0,41.401273885350065,24.99999999999983,0.0033876894809370677,2.360685108283519,2.0145894960362396,0.5353266526176736,1.7951818433476843,1,0,1.0425738648570753,1,1
2.6862958206513765,0.10063659731827301,-3.0,38.57142857142841,18.65942028985583,0.0021053643530090454,1.3651564382780066,1.0541229817811768,0.7272341340220705,2.6753538869498157,0,1,0.7660196447251326,1,1
-3.3712273569438462,0.09927792999009838,-3.0,28.84615384615391,42.326024785509944,0.0036677433163404224,-2.3407929377365804,-2.9777253455413417,0.8330299137416792,2.920136728599656,1,0,-0.9975982078633839,-1,0
-3.3591170607190413,0.09866612817262621,-3.0,26.666666666666657,50.130321459600424,0.003872339595403907,-2.262259504695976,-4.0514042112443125,0.6258321436016654,0.9535770904541248,1,0,-0.9356464716615567,-1,0
-2.771883590120413,0.09845471662675558,-3.0,22.897196261682566,52.24625623960068,0.003909220300649253,-0.7845471662674868,-3.2214872378269206,0.39258596617952357,1.0352545532491968,0,0,-0.32257445896460585,-1,0
-2.352974347515152,0.09833690995600987,-3.0,17.08542713567877,54.51664025356577,0.003809134128283044,-0.4383583696920823,-2.187012877421671,0.16134689970274807,0.6355941806286123,0,0,-0.182921525355862,-1,0
-2.197232257760959,0.0980970250986197,-3.0,16.267942583732335,54.624505928853644,0.0038153786104605575,-0.8942910752958824,-1.7407665528077132,-0.06721819249438295,0.6293806562553907,0,0,-0.37317660370022027,-1,0
-2.158068391698904,0.09641111926848929,-3.0,35.135135135135144,56.86274509803908,0.003521475062812807,-0.769282223853736,-1.6129496124940488,0.3268026351911039,0.6788014288823256,0,0,-0.3386777086148534,-1,1
-2.2252631365960522,0.09627577397851646,-3.0,41.86046511627884,67.63425253991291,0.0034093604237488907,-0.5068543884088399,-1.5095247490927135,0.21114206912404873,0.6653092123709489,0,0,-0.2270707660071611,-1,1
-3.231242021398294,0.09559371767003354,-3.0,31.932773109243684,62.4858757062147,0.002616030397676392,-4.975242321015514,-3.4614859173864145,0.1512766870095735,1.1653496252600317,1,0,-2.565502485974858,-1,1
2.028504650313763,0.09711512523392213,-3.0,39.62264150943386,26.327944572748365,0.0045212976917585156,0.6975006743917902,1.9719223506549723,0.5195812576389861,1.2151636965156998,0,0,0.2653535174316604,1,1
2.396756766696068,0.0974134670323718,-3.0,42.34234234234229,25.675675675675834,0.0045236775419701955,1.1065500285683356,2.128894647469065,-0.7346371836286543,0.7938412190162343,0,0,0.42039892537196094,1,1
-2.0710493580901383,0.09659538649839212,-3.0,33.33333333333317,34.86943164362542,0.004460518384569016,-1.2596595386498848,-1.5417417079366829,0.8041427656877358,0.5087786954215707,0,0,-0.48716114754415446,-1,1
-2.1800215663797773,0.0962530547610371,-3.0,44.51612903225784,52.96875000000014,0.0029014708845456105,-0.9275183285662365,-1.531743145280575,-0.3770685458059713,0.5045579210873847,0,0,-0.4572273450678653,-1,1
-2.1150636644996674,0.09579768241606522,-3.0,36.06557377049181,62.62230919765144,0.0021905031091011802,-0.952350266147505,-1.2932405511353635,-0.7712962363089607,1.852840415292831,0,0,-0.5365353612098627,-1,1
2.8395052036996318,0.09787928106621638,-3.0,65.1515151515151,51.46886016451235,0.003878968253968256,5.706688437554419,5.102414364547462,0.28616398693143447,2.762138543724536,1,0,2.3813304955517687,1,1
2.5999888400893103,0.0981660098413129,-3.0,70.21276595744666,55.0535077288942,0.004556957020283909,1.0545849753967218,4.601716344932913,0.2606615639475539,2.829187431831709,1,0,0.398493647923187,1,1
2.0390118115831872,0.09806456889049837,-3.0,68.7499999999998,48.023255813953426,0.0048081689303063465,-0.3733544746555708,2.778399934575771,0.14305796806316862,1.3321817311324389,1,0,-0.13665261817458782,1,1
2.0381058200156876,0.09777143600018579,-3.0,54.80427046263352,38.33131801692865,0.004397895363843957,1.6759885848003364,2.624795485921436,0.43799247627486415,1.2413546820389958,0,0,0.6490688848466017,1,1
2.1901455035384125,0.09800103471628166,-3.0,53.649635036496335,34.96115427303015,0.004337124595565628,0.8448078638437551,2.5694106575777256,0.28647776295127225,0.5529948621005639,0,0,0.32991102074790923,1,1
2.3159869825900086,0.09828920105017362,-3.0,57.43944636678213,36.88524590163964,0.004464285714285728,1.0581181211551893,2.4162297032252127,0.1023656033519769,0.8548014089669107,0,0,0.40529832274070104,1,1
-2.908743691755735,0.09616053599864048,-3.0,48.06201550387595,85.55678059536942,0.0026731059702678936,-4.533070283923223,-3.212993752098748,0.5425589480168065,2.5785694705430875,1,0,-2.3119484143870777,-1,0
-2.967403947138499,0.09551428769206206,-3.0,53.448275862068805,87.68796992481208,0.002755670513330674,-2.4153514703024825,-4.229534956110752,0.5536498894676062,2.436069539868658,1,0,-1.2141802723244093,-1,0
-2.7062047133950466,0.09513753401778173,-3.0,29.69696969696956,73.80952380952392,0.0032914542608276755,-1.4160656478852616,-4.138374460971636,-0.05293250418082205,2.5102226224822646,1,0,-0.6521354957366341,-1,0
-2.552498180272464,0.0946836792148905,-3.0,33.53658536585371,80.64275037369225,0.0033889468196037493,-1.6978256314341706,-4.061775659587158,-0.30853314558419515,2.9645008064012615,0,0,-0.7692413864103044,-1,1
-2.0446119777144816,0.09479449856192326,-3.0,32.7380952380951,76.30834512022649,0.003364061778233003,0.4169038853315783,-1.735462977641589,-0.4311008358358175,0.9740193090446175,0,0,0.18980989901275142,-1,1
2.3475910784374157,0.09597564185306601,-3.0,77.294685990338,76.16279069767435,0.0032709359605911374,1.0298782092653482,1.255758538511202,0.8916455134743226,2.2139377557515503,0,0,0.47118610881421125,1,0
2.8000656448089765,0.09640705763902943,-3.0,70.1421800947866,53.25842696629225,0.0033670366128204137,1.6294578525034922,2.2342848704750056,0.736567449892834,0.7438042624716213,0,0,0.7346991927551976,1,1
2.623762120202085,0.09667201264147395,-3.0,72.90640394088638,48.367346938775604,0.0034761312239536975,0.9940577365279069,2.364930227946286,0.4622669124705744,0.9119838787946702,0,0,0.4404053263098327,1,1
2.4346320985140166,0.09718595063555427,-3.0,66.1290322580644,50.55555555555537,0.003212033373810139,2.315346693792435,2.6212300819153826,0.3338593471535277,3.163154383340726,0,0,1.0662780826675755,1,1
-2.9548799613262267,0.09634654191462515,-3.0,28.666666666666686,51.47601476014753,0.0027384437673019972,-3.1541544670633925,-2.479670115565375,0.018180244930772086,1.6603582960327883,1,0,-1.591285136536483,-1,1
2.9045031156947054,0.09797204681093079,-3.0,75.2475247524753,53.728489483747715,0.002487512487512485,1.5820909825626472,1.5967552748974867,0.11176907125887162,3.1003939492224095,0,1,0.8374016542864677,1,1
2.2626143560837932,0.09798699817347854,-3.0,64.0909090909092,66.43233743409485,0.0036037829766052696,3.058318316621353,1.2018351961829807,0.5013037638113217,2.295161736002017,1,0,1.3338459947881305,1,1
2.196672522715232,0.09808102338389764,-3.0,65.74074074074088,62.605752961082715,0.0036829112916069323,0.3442430701517196,1.2247547976887063,0.5999500178717475,1.0811290343895597,1,0,0.14828932252689486,1,1
-3.278369423788031,0.0961835374732419,-3.0,36.607142857142364,70.66666666666687,0.002785935551353714,-2.7064194706639455,-2.4366467220557864,-0.10662741791950707,1.195820391346489,1,0,-1.3604981181075562,-1,0
-2.5974568128210995,0.09614342243718321,-3.0,35.9649122807011,68.63309352518004,0.002869223799456323,-0.14809881288192628,-1.8945032254240914,-0.31006070398372204,0.811747876580138,1,0,-0.07339410195918514,-1,0
-2.033806486959315,0.09604924923119641,-3.0,40.45801526717535,83.91959798994985,0.0033908196325437897,-0.7285428227704642,-0.9542113392032207,-0.3527874149944304,0.6864034093485062,0,0,-0.33061910919891563,-1,0
-2.3797065801326105,0.6230599922779374,-3.0,57.03422053231939,68.94409937888199,0.002885610766045549,-12.488910204634522,-19.899113946717442,0.8476385475805548,1.1983385652756733,0,0,-0.7377415310754569,-1,0
-2.559591929153086,0.6220090294792537,-3.0,52.53623188405797,70.34700315457414,0.0030847396116857194,-9.31100451473958,-23.63158013514585,0.7676273199617624,3.714365369960783,0,0,-0.5172780285966433,-1,0
-3.2253079689380133,0.6185485692922638,-3.0,46.325878594249204,71.16564417177915,0.00329880540301382,-30.65967997009193,-37.10411314007979,0.5038623249224085,1.0785122032885333,0,0,-1.604618764789858,-1,1
-2.4816626584620187,0.6185514755571893,-3.0,47.46835443037975,71.6012084592145,0.003433878331447302,0.02579409777172259,-24.620584591121407,0.3080612106441858,0.8088321245330998,0,0,0.0012989833410220009,-1,1
-2.2101571480159277,0.6140096080291376,-3.0,53.36134453781512,77.5244299674267,0.0033335932626325643,-11.745168140510032,-22.032800807809327,0.24303577534521814,0.9263549113902776,0,1,-0.6078830091206671,-1,0
-2.111910857849546,0.6104296167851482,-3.0,32.0,64.33823529411765,0.0029415929659238663,-14.61042961678504,-18.5340502791747,-0.4663702238367566,0.6946982318482291,0,0,-0.8434887201442909,-1,1
-2.751302296013051,0.6101472996491972,-3.0,63.793103448275865,81.42857142857143,0.0024716431637032497,-10.710310975443463,-13.275188222880388,0.8623848328631755,0.9393273079137389,1,0,-0.7226233911142578,-1,1
-2.0527626644184416,0.6105016101318945,-3.0,60.93023255813953,76.171875,0.0026630053004661853,3.2472572455935733,-6.906506193603491,0.9108412404301005,1.548299968223705,1,0,0.20432180421712373,-1,1
-2.4383099686265517,0.6098253275915174,-3.0,62.67942583732058,76.77165354330708,0.002666104035599202,-6.195087336203869,-8.69187773115973,0.912630999450381,0.8468504161728218,1,0,-0.3898032481206929,-1,1
-2.1011210373019735,0.609761423821562,-3.0,57.368421052631575,74.27385892116183,0.0025900771267411073,-0.5853578642681896,-5.024447234891158,0.9081653387569578,0.49712282832185684,0,0,-0.03785224064551804,-1,1
2.128324550187136,0.6139407243420754,-3.0,57.54189944134078,48.97360703812316,0.0025286710428852393,10.332436881249123,15.368090007959655,0.6958423124659684,0.5811011516042601,0,0,0.6823307374409798,1,1
2.0023328366764193,0.6142112482527439,-3.0,62.359550561797754,51.96374622356495,0.002526863881160826,2.46447187936883,12.923325102460694,0.5272566921210156,0.5546363514016324,0,0,0.16274814297718687,1,1
2.466899853338569,0.6157063450943168,-3.0,63.06818181818182,45.74468085106383,0.0025090658358445273,13.624071317546623,18.39307687598066,0.2613837335497686,1.1023338140815524,0,0,0.9061140068677088,1,1
2.176909542332467,0.6160026413904797,-3.0,73.125,47.527472527472526,0.0024502922483983767,2.6919986793054704,13.38724411122148,-0.4471031364882986,0.46117518619451897,0,0,0.18295136655474073,1,1
-2.081686080856033,0.6084396469222205,-3.0,44.943820224719104,56.98924731182796,0.003142601126472094,-16.09666340534386,-17.193621206040735,0.5852672919449011,1.6045212765957446,0,0,-0.8684134399800156,-1,1
2.3215242907251947,0.6140485451565711,-3.0,56.269113149847094,43.2183908045977,0.0038496347945799186,9.771902909687014,14.71616897341537,0.6213023910313635,0.9970492509149855,0,0,0.4329324073911968,1,1
2.0585486295121838,0.6141917808047156,-3.0,57.585139318885446,45.41062801932367,0.003804340899532264,1.3070958904027066,11.185386301048675,0.5387384759945741,0.8473239786415001,0,0,0.05855789589004125,1,1
2.1660507149542405,0.6159095870578744,-3.0,62.96296296296296,59.166666666666664,0.003830714095761521,14.520473895257055,28.376370383986796,0.7627227849349203,0.9107839057459662,1,0,0.6422958437080529,1,0
2.0890567512534943,0.6200503170101777,-3.0,67.54385964912281,45.50898203592815,0.0030179311735278923,15.850880547677662,18.94531830566648,0.5696702747636471,1.0483718551623697,0,0,0.8753937975048807,1,1
2.014854477636363,0.6203962893229713,-3.0,42.69662921348315,35.6687898089172,0.002685759785644772,20.093473836980593,18.806224264532467,0.6432419840890712,0.616287444695564,0,0,1.2419807228155773,1,1
2.2407828959840956,0.6215934064177062,-3.0,46.62921348314607,42.52669039145908,0.005227866803045801,13.24318681283512,14.997483517643014,0.7445884341592363,1.0508293932900212,1,0,0.4331883536908684,1,1
-2.1711759270574507,0.6155163840910611,-3.0,25.74850299401197,42.013129102844644,0.004027034999294628,-11.812040675004937,-19.169138531136195,0.8755274425926746,0.910879740185309,0,0,-0.5041724678355766,-1,0
-2.488788324213754,0.6128159843882286,-3.0,26.608187134502927,42.888888888888886,0.004097991533819689,-21.112815984388362,-27.93736615957896,0.672392838065153,2.2555413279334546,0,0,-0.8889606730268784,-1,0
-2.220395172371674,0.6124086783762297,-3.0,25.0,40.04149377593361,0.004312181266541863,-3.689783040594193,-19.288321894614093,0.6500721842047644,1.4015175698075018,0,0,-0.14843954761011122,-1,0
-2.3164135983353966,0.610755300554961,-3.0,23.545706371191145,45.229007633587784,0.004287522277035927,-14.936616612209946,-23.29270097271965,0.47962967655301114,0.724381625441696,0,0,-0.6043717704362406,-1,0
2.062831507774231,0.6138690146994545,-3.0,65.94982078853047,61.62790697674419,0.0033876380030226183,12.024821132295074,22.572261970600994,0.7779286573646224,0.533826267763853,1,0,0.604479338786826,1,0
2.250875295928222,0.6146940572882319,-3.0,67.97153024911032,55.3784860557769,0.0036095075966055268,7.495511372373585,22.956083052577196,0.7344303706491403,0.6263069436572926,1,0,0.3545174297744263,1,0
2.470704161366771,0.6171220799092567,-3.0,78.91156462585035,57.189542483660134,0.003711072002448542,22.6510026381402,23.171220799092772,0.6667384128851938,0.5329407814880814,0,0,1.0397181538818452,1,0
2.17246723081455,0.6175579665715558,-3.0,88.04347826086956,58.25242718446602,0.003509956555528659,3.9561050835709466,18.0172550529147,0.5466861025021766,0.844129753950705,0,0,0.19131423547493354,1,0
2.3189438475198902,0.6197120950442687,-3.0,88.77551020408163,53.03030303030303,0.003502771703198901,19.556257235575686,26.96611328309791,0.2430216672657485,1.26091941825222,0,0,0.9457257385079779,1,0
2.382016039321373,0.6221965060078145,-3.0,89.18032786885246,55.36231884057971,0.003688146058175285,22.52242795193706,35.899884277035014,0.011350510600083932,2.125447503703686,0,0,1.0321243578629093,1,1
2.0203290534606135,0.6223837849519388,-3.0,89.18032786885246,50.95541401273886,0.003723135271807838,1.6992729677167517,23.497179995678017,-0.03277275501370454,0.8460862001395566,0,0,0.07711449448309408,1,1
-2.223493087093269,0.6182497394405918,-3.0,48.96907216494845,55.62499999999999,0.0025705146106781078,-29.109872003567034,-19.871323410587866,-0.39336504143665063,0.8816736617505687,1,0,-1.882393570669462,-1,1
2.6250040997354107,0.6241781311776027,-3.0,50.64377682403434,39.25619834710744,0.002902161130009231,15.668186082673856,26.53151554539563,-0.10351107371629364,0.922931105977134,0,0,0.9008402675869979,1,1
-2.264099473965373,0.6158995353805172,-3.0,38.74643874643874,45.13274336283185,0.005055754449448871,-6.274894889185816,-15.20209117223003,0.8448416184637493,0.7954129312769216,0,0,-0.21531502070735645,-1,0
-2.21253590955155,0.6143794455097938,-3.0,40.125391849529784,50.99150141643059,0.004980705375572108,-13.166675860499709,-11.796085353788111,0.6196529281357694,0.38749454637305103,0,0,-0.4579713342782507,-1,1
-2.0616640757356195,0.6127906978609639,-3.0,36.125654450261784,33.83838383838385,0.002814028837341388,-13.742441859625615,-11.932325581283294,0.5110525670185103,1.0339395675211227,1,0,-0.8292852846325803,-1,1
-2.359177236518768,0.6114943809462181,-3.0,24.454148471615724,25.000000000000014,0.004477689538193587,-12.658618000129536,-15.939078666753266,0.4951527234549838,1.1877939547650769,0,0,-0.4943393361277922,-1,1
2.4145683200759884,0.6185266224900218,-3.0,36.36363636363636,24.778761061946895,0.0030129069044163384,29.339168475906263,35.06637488594752,0.4276426340073644,0.7420471517167656,0,0,1.6663219418364612,1,1
2.5914671341300193,0.6282557212338169,-3.0,49.787234042553195,33.009708737864074,0.0031919803097118244,66.74940794188842,43.611444262764415,0.6615005783766611,0.8105573601163375,0,0,3.5532004227621217,1,1
-2.4120183712983763,0.6203594827604996,-3.0,38.52459016393443,90.55118110236221,0.001882583523525847,-10.42575172416764,-13.075692931074446,-0.21624205188544285,2.8973067907398358,0,1,-0.9122532758646684,-1,0
-2.2916932456199133,0.6198319328393381,-3.0,35.87786259541984,84.55882352941177,0.0018786798884412766,-4.710756302222762,-12.51815126123238,-0.2985705493978539,1.717386880130249,0,1,-0.4134833117938475,-1,0
-3.7412363897166947,0.6108635580255152,-3.0,13.202247191011239,45.2755905511811,0.00346919931407466,-80.04275473945654,-71.77178064910022,0.5134858161202108,6.49308793221344,1,0,-4.045482188997804,-1,0
-2.907040141127913,0.6094245584084776,-3.0,11.838790931989934,35.16819571865443,0.003929899097185343,-12.7560036180912,-62.23588580601681,0.811801815153339,7.273330028504152,1,0,-0.5760775827525058,-1,0
-2.420096307208318,0.608601661273897,-3.0,7.623318385650222,22.872340425531917,0.004373314104104906,-7.264535210318172,-46.50735008838128,0.900228501414186,6.235071085949473,1,0,-0.29781403497644043,-1,0
2.1612211181122656,0.6118361317492378,-3.0,83.56164383561644,67.71653543307086,0.0041931081994144226,54.17799596329678,32.93256359331681,0.8229984491876368,1.0123632588784068,1,0,2.2949831875526625,1,1
2.3279432918325207,0.6142998079362761,-3.0,37.09090909090909,23.931623931623918,0.0031851002091909035,35.379635499189135,25.938244980617128,0.8899348643746254,0.9428023557246757,1,0,1.9812595879545916,1,1
-2.7475333478354727,0.6072594038280297,-3.0,54.509803921568626,89.00343642611683,0.0037845627550539404,-25.325041518669423,-30.647798722308835,0.7137684404261434,0.5430173247391645,0,0,-1.201866377157193,-1,1
2.4931652155412247,0.6175643884181898,-3.0,68.73315363881402,59.2128801431127,0.0038547278469255064,63.790397478818704,63.14051510734553,0.27021089457710357,1.361239555447392,1,0,2.932891838106607,1,1
-2.023978474407462,0.6075165973691617,-3.0,60.26315789473684,69.25996204933587,0.003962373984600323,-6.467649376322697,-13.324642737374779,0.9279870155696764,3.257337784344844,0,0,-0.28882644742748886,-1,1
-2.4252724530026293,0.6061269148358217,-3.0,62.400000000000006,78.11320754716981,0.003867973182052604,-12.350109413477185,-21.922975934632632,0.9141105777502696,1.7457926041227838,0,0,-0.5641159275323999,-1,1
2.734498852910068,0.6149473795141254,-3.0,70.03610108303249,53.246753246753244,0.003072337198812901,53.031684382468484,44.21787381621798,-0.057927997520326784,1.143596214511041,1,0,2.981701129937987,1,0
2.703098509345039,0.6170044597388723,-3.0,65.27196652719665,45.30386740331492,0.0031240604943596987,18.276124872688342,45.58462710255808,-0.3386260972836318,1.3982814814814815,1,0,1.0113270680539004,1,0
2.023190210251496,0.6159526495136197,-3.0,84.32432432432432,47.89473684210526,0.0028958412320725857,-9.315360768434402,23.713145435330443,-0.5718923936394243,0.998367620878527,1,0,-0.5537794087392002,1,0
2.2059374327232097,0.6181530995111867,-3.0,87.38317757009347,43.733333333333334,0.0029332777096967647,19.517995146822614,27.946945334427618,-0.7529377478191676,1.5607951967415505,0,0,1.1433135232448393,1,0
2.089133317278782,0.6192867620720705,-3.0,88.05309734513274,34.743202416918436,0.0030068337129840546,10.048216905180198,19.6776492486395,-0.8034652698772236,1.0644659850619889,0,0,0.5741838231531542,1,1
2.152397471903506,0.6267510165049088,-3.0,79.80295566502463,44.943820224719104,0.0030062313317540425,14.915273379613609,29.324446448254093,-0.3049298193298455,1.3967771485676217,0,0,0.8436922315741032,1,1
2.3260424474379735,0.6279056580894359,-3.0,72.97297297297297,30.80168776371309,0.002979683972911964,10.2208867169511,27.68599046880099,-0.48946269038388107,1.007181022146955,0,0,0.5840506695400628,1,1
-2.6684610403937206,0.6205067436023338,-3.0,31.44329896907216,45.522388059701484,0.003014083043184535,-13.258986512795673,-14.042604817864412,0.23417704305065418,3.3170185731389017,0,1,-0.7545764682078837,-1,1
2.815371209900625,0.628582778912831,-3.0,48.44961240310077,27.111111111111114,0.004018058690744921,71.55772172455454,48.91194160686009,-0.09841113314756891,4.224086302064856,1,0,3.0777514720238512,1,1
2.6386034058425145,0.6297073501275405,-3.0,57.51879699248121,31.223628691983123,0.004554753541513876,9.906902224171063,44.93912771843079,-0.34336029767268544,3.4557074034018287,1,0,0.37689301939781217,1,1
3.1750727866390456,0.6361415654702008,-3.0,64.0625,25.085910652920973,0.006334039241701324,89.27106174102664,67.83394306362534,-0.4402442363474037,6.939795982584717,0,0,2.448177990939026,1,1
2.549932113122658,0.6367924527461,-3.0,66.97038724373576,25.795053003533567,0.006667941607700643,5.72877358461119,55.67594339559546,-0.5481097663115162,3.2403783089544613,0,0,0.14935350127477964,1,1
2.1504978316556738,0.6443181184052159,-3.0,72.83236994219654,45.283018867924525,0.002588752826621523,5.855681881595046,15.721590592026223,-0.09752680872234794,1.1583983832664875,0,0,0.3667988650663564,1,0
2.2470892623416,0.6451756582645853,-3.0,76.88442211055276,50.922509225092256,0.0027429853543074114,7.693419075618294,16.40640276190006,-0.2843637603922498,1.4217898523611143,0,1,0.4554243850260301,1,0
2.379863679814283,0.6465733562082417,-3.0,71.42857142857143,46.15384615384615,0.002519558923181174,12.552026986914825,19.60272681535316,-0.44206765462588515,3.1290972284808567,0,1,0.804248868726808,1,0
2.1903832834730372,0.6472790255013359,-3.0,67.05882352941177,24.904214559386972,0.002601886676120599,6.3273829462732465,16.839389874325025,-0.5725013828604606,1.6600818795554446,0,1,0.3937038277681132,1,0
2.9760401914799925,0.6527971436047162,-3.0,80.48780487804878,28.727272727272734,0.003326091202031052,49.38164427412721,49.940314572849275,-0.6036438625033286,1.3678350573288898,1,0,2.4130646416676473,1,1
2.5393376563687573,0.6538975499749001,-3.0,87.41935483870968,42.30769230769231,0.0037830868042039705,9.864587975388531,42.61861915529862,-0.3347004873390775,2.0080546136994712,1,0,0.4249360974013521,1,1
2.0697477851061468,0.653649310222095,-3.0,86.82432432432432,48.46153846153846,0.0038115501519756837,-2.229194481776176,25.172852691913796,-0.04771556214803095,1.0138879606485505,1,0,-0.0952938099079892,1,1
3.592890480196007,0.6584656666507789,-3.0,76.57992565055761,37.5,0.0030631308229813665,70.22142700042878,60.501163066927255,0.010890060832712812,2.333782172029333,1,0,3.6889304990844387,1,1
2.492472920996062,0.6573856649007772,-3.0,71.27659574468086,39.29961089494163,0.0032561417150633004,-9.657385664901085,34.198535164765964,-0.08852536297213698,1.6929236432301937,1,0,-0.4794446783993447,1,0
2.184439382977133,0.6580623532510715,-3.0,76.20689655172414,40.458015267175576,0.003347645731751692,6.051625880493702,27.305196112658088,-0.10629444772184975,1.3061897599829768,1,0,0.29214745629969596,1,1
2.0812169489817096,0.6593971926977734,-3.0,79.12457912457913,38.26714801444043,0.0033073270013568522,11.945478945233845,23.358049544827736,-0.13613627941799028,1.1328639821288617,0,0,0.5827062900114071,1,1
2.003865520015104,0.6617100370621111,-3.0,61.36363636363636,34.49367088607596,0.0018179386156914248,7.895910778304824,21.909665426214453,-0.12159593959201581,1.7668093732722814,0,1,0.676102451964939,1,0
2.033260101195999,0.6624210999998345,-3.0,62.77372262773723,32.8173374613003,0.0017562410364860594,6.312105499999234,18.28790576999818,-0.3346873588435925,1.0891235502250525,0,1,0.5575361324920459,1,0
3.542998575954975,0.6724621411931482,-3.0,90.19607843137254,48.97959183673469,0.003026331466698439,89.08412792869512,82.11424568662042,0.08463128639840196,2.6021319343676748,1,0,4.653648473887059,1,1
2.6353236942791187,0.6723413787461785,-3.0,90.33149171270719,50.24875621890547,0.0032186287808476715,-1.0766086130734038,56.76082208611624,0.3281485690057661,4.610606249221959,1,0,-0.05297898271714465,1,1
2.3314328771114248,0.673805785866553,-3.0,93.13186813186813,47.12918660287081,0.003340227753607684,13.074960751599065,46.68648800472183,0.4715934371835275,2.204231647958677,1,0,0.6205066119402946,1,1
2.2817424876862815,0.6754523994566995,-3.0,57.31707317073171,31.377551020408163,0.0026386792340698656,16.16719117935463,25.651376860332313,-0.3476239532878244,0.8310400373231955,0,0,0.9590706631820544,1,0
2.3385234921452205,0.6768581079298418,-3.0,58.18181818181818,22.107969151670957,0.002768963837094608,12.50658783480685,23.53020269692679,-0.38261361176287934,1.1070970934141915,0,0,0.7088754238352062,1,0
2.390413874781546,0.6786720773255742,-3.0,56.32911392405063,21.28712871287128,0.00286521053068682,16.108048695930847,29.146037643488672,-0.612574661107398,1.251663487296365,0,0,0.8826328052564848,1,1
-2.5554629896687584,0.6736169498309933,-3.0,35.0,61.693548387096776,0.0014264317809000785,-7.694467799324229,-16.712594587262355,0.2323185514437247,0.8341475479284667,0,0,-0.8038996208249195,-1,0
-2.8592915978419415,0.6715535986440102,-3.0,45.7516339869281,62.7906976744186,0.00250803400965267,-24.34015275186266,-22.868008264133277,0.5663367313191175,0.5393651958412021,0,0,-1.5111403038850433,-1,0
-2.72016366108796,0.6703711937446183,-3.0,52.09580838323353,70.58823529411765,0.0025873910572186435,-10.605579021721496,-24.94485441911602,0.7313721281095307,0.468925431199782,0,0,-0.6386155109853804,-1,0
-2.307960262889225,0.6694210294910717,-3.0,60.869565217391305,82.15158924205379,0.0026983206504372936,-15.359499780164697,-17.285936120121185,0.8866466738725294,0.7851909240791569,0,0,-0.8885661029847346,-1,0
-2.164960725336495,0.6670350318186339,-3.0,63.5,75.64870259481037,0.0029466060778188014,-23.849541400019916,-22.646557642288826,0.905847880038711,0.44556538369591203,0,0,-1.2695573368831896,-1,1
2.52867206650961,0.6702139389252418,-3.0,73.5042735042735,46.0,0.0017688194158782394,15.026604541939378,30.873439561649683,0.19717392686700175,1.7381868274679002,0,0,1.2788599610161173,1,0
2.7784106441951923,0.6724557519380662,-3.0,81.65137614678899,39.20454545454545,0.001727257772659977,20.32876105426567,34.55852875039072,-0.15534577741429453,1.8843464730711885,0,1,1.7677183525448408,1,1
2.0559383440693297,0.6717662654105392,-3.0,90.38461538461539,43.61702127659574,0.001791146451180982,-6.232961450336916,15.728371811467877,-0.37362120458423714,2.35173846937372,0,1,-0.5240928546829839,1,1
2.032978851186507,0.6728026532729892,-3.0,90.19607843137254,42.15938303341902,0.0019014754040635232,9.382421226184306,14.902669981984946,-0.5553946955909577,1.734931456976577,0,1,0.7463289611737516,1,1
2.380604705928742,0.6714844597513375,-3.0,78.76106194690266,72.46376811594203,0.0029535523547499594,11.615627034031604,14.632460335765426,0.9354073723503672,1.7906145662913313,1,0,0.6034091965730703,1,1
2.9189215761703164,0.6732749173605925,-3.0,52.17391304347826,42.8235294117647,0.003009598177972995,37.75295725239812,28.261840058163763,0.8133789804672675,0.405167550197462,0,0,1.93604908986657,1,0
2.701686437543723,0.6741954935574422,-3.0,56.85279187817258,41.083521444695265,0.0030376600144042002,8.404857188796086,30.093004763698627,0.7254490770729688,0.4638254767225715,0,0,0.42710708037439277,1,0
2.8857046761511373,0.6764122891266231,-3.0,53.846153846153854,33.46379647749511,0.003040874469445898,20.21828542050116,36.025668961929114,0.6936905325806194,0.22304224772566014,0,0,1.0274264823485164,1,1
2.524373874525064,0.6772820256580168,-3.0,44.725738396624465,28.57142857142857,0.003131195335276968,7.898075962175426,29.44519820119276,0.7911667201385847,0.6466791971714357,0,0,0.39140907423170257,1,1
2.426501677481966,0.6885996755373238,-3.0,70.49180327868852,24.379232505643344,0.002798507462686567,35.76777631422465,48.13311732005877,-0.11435158667880713,0.7505987694547178,1,0,1.9598781542040902,1,0
2.2916487605376363,0.6899916362919177,-3.0,79.06137184115524,30.434782608695656,0.0029379509379509378,12.460133819328803,44.70365206974329,-0.17933982928224065,1.0919898574219562,0,0,0.6496904039873492,1,1
2.2437864462964088,0.6920752180062466,-3.0,75.0,30.56768558951964,0.0028707747048358403,18.684519803208786,43.00285425053662,-0.3366109388999109,0.7750437222922683,0,0,0.996507722837802,1,1
2.2465789891136865,0.6960150331145182,-3.0,50.39370078740157,38.35920177383593,0.002597815112704337,24.1047366226112,29.1254960332024,0.17903118427899833,1.4687849458219258,1,0,1.3887502580928262,1,1
2.3468654644300333,0.6973684208439916,-3.0,31.506849315068493,32.5278810408922,0.0026783581834931252,15.32236841093345,27.139473671483394,0.6801471874991191,0.9317738791423001,0,0,0.8597721753629991,1,1
-2.1438140079450756,0.6890324721558709,-3.0,24.10714285714286,52.91828793774319,0.002244129197723812,-23.756129888623036,-28.275745532218572,-0.130445175257763,0.6000176531409981,0,0,-1.583741992574869,-1,1
-2.1978662820076074,0.6879690950522853,-3.0,21.304347826086968,52.17391304347826,0.00221173019183608,-9.627814570313603,-27.244348787763194,-0.7593264686781152,0.747804834624131,0,0,-0.6511565409873934,-1,1
3.3348828132809256,0.6977324381955429,-3.0,79.47761194029852,50.76530612244898,0.0025597366479368864,49.82494317984947,49.98489772372832,0.6734828258817397,1.91431377580364,1,0,2.9125227746049793,1,0
3.3945268426022275,0.7026577145352555,-3.0,85.13119533527697,48.762376237623755,0.0030344734229762658,44.418604001746644,73.06777451313773,0.7398543941811373,3.602243191054417,1,0,2.1973867704044276,1,1
2.1368674292927214,0.7000551879550271,-3.0,91.78885630498533,76.76240208877284,0.0031533307055577452,-23.452676615818746,31.867853188549454,0.8516414348998971,2.443332577883928,1,0,-1.1167941245627975,1,1
-2.1471377233627855,0.6968830741596579,-3.0,72.81553398058253,80.48780487804878,0.001994613416874204,-8.423506130357055,-7.808207356428466,0.9621589099776477,0.5018486566428395,1,0,-0.6174297687172711,-1,1
2.068158690987252,0.7007774162293634,-3.0,74.66666666666666,63.52941176470588,0.002377205799707767,7.613993492129339,19.042360918047414,0.69510053352564,0.7550271685947414,1,0,0.47270913033175493,1,1
-2.205688653368969,41.349511801604066,-3.0,14.788732394366207,49.53703703703693,0.0018067563875448383,-131.45338894529232,-117.0118380878168,0.6683331125443152,2.6370775992506665,0,1,-4.340442087816256,-1,0
-2.072198684570212,41.278976688181494,-3.0,53.431372549019606,61.065573770491945,0.0023489609353772797,-61.02877656777309,-57.66250959830977,0.4947473256415301,4.1594487414357735,1,0,-1.5534597671796788,-1,0
-2.980217109275571,40.96078471404177,-3.0,50.0,67.79661016949152,0.0024385537095840426,-125.64215796361532,-125.8335310090275,0.48799821023847617,0.6828368967837203,1,0,-3.085947739457218,-1,1
-2.03591004126591,40.996361243232194,-3.0,48.81516587677725,66.76384839650149,0.0025995546125655365,-59.444723802687804,-65.72297719943853,0.6352342153441136,0.420294096129929,0,0,-1.3710479954491421,-1,0
-2.11869474661965,40.87044564994359,-3.0,48.58490566037736,68.59504132231407,0.0025953301593146924,-50.04453477993229,-71.31457543090073,0.7197248748952345,0.08365153905761313,0,0,-1.1561443678532213,-1,1
-2.0461126585265768,40.776267329765496,-3.0,53.64583333333333,75.79250720461104,0.0022853282801698423,-37.5433871308378,-68.99545168783989,0.7588288664637777,0.11058566050105814,0,0,-0.9824437753864097,-1,1
3.3586655135440955,41.43983423534089,-3.0,89.44099378881988,53.24074074074065,0.0028882739536492566,160.72780108241204,154.4238591000416,0.6117551459177797,3.6727484020918073,0,0,3.2993976761785464,1,1
2.3976297837438034,41.40201243778048,-3.0,78.59154929577464,51.1111111111111,0.0030863662372340606,-15.088691915443633,97.86839480095804,0.5464191251265293,1.021403373551122,0,0,-0.29096651076613067,1,0
2.2381681649236964,41.45948302447545,-3.0,77.05882352941177,47.86324786324789,0.0030217112336558805,22.875689814685757,76.45354344108492,0.46202968540071776,0.580295038256434,0,0,0.450435523777216,1,1
2.2276648261496046,41.55184877477871,-3.0,74.63556851311954,47.86324786324789,0.0029322714693456177,36.70703365225563,69.30021686811452,0.2834026262216471,0.9081801566298373,0,0,0.7447803929443172,1,1
-2.304507419510951,41.147232934841504,-3.0,56.16438356164384,61.25000000000019,0.002607578899870706,-125.69599739687874,-76.50900125342196,0.8189953981481011,1.116862136926109,1,0,-2.861372298465532,-1,0
-2.152958431501666,41.06844118172587,-3.0,50.301204819277096,69.70954356846481,0.00289404740145007,-40.12186324081085,-65.00733853534948,0.7509240849952417,0.502667349331924,0,0,-0.827254912181667,-1,0
-2.3861434878553016,40.84298634247663,-3.0,58.58585858585858,80.48780487804898,0.0027788649706457927,-111.65540697879987,-85.99787763166823,0.6198632877721765,0.8321351173284826,0,0,-2.3938372093463984,-1,1
-2.9845649123787212,40.88254553152204,-3.0,56.54205607476635,72.72727272727376,0.0017026451809060504,-63.33874565853148,-75.11512380340136,0.4052816619289351,0.29524570515381543,0,0,-2.184094677880396,-1,0
-3.3835970297030675,40.699849940865356,-3.0,46.09375,75.37313432835916,0.0017726480836236934,-73.48989495860405,-110.06968487581617,-0.13309028136432963,0.338597363424945,0,0,-2.4438444879345766,-1,1
-2.632396006219269,40.686919579997436,-3.0,44.12955465587044,75.37313432835916,0.001858962637898458,-5.206075874000817,-77.36776328599699,-0.2887671416651985,0.6438908675095918,0,0,-0.1652722499682799,-1,1
-2.9849291612739783,40.33023747127263,-3.0,41.45569620253165,73.28244274809205,0.0035046525025750246,-168.63467548279914,-132.77420054025424,-0.4561510466817548,2.3481500911334856,1,0,-2.8897006814677946,-1,1
2.6753579641348733,40.46355535788835,-3.0,52.333333333333336,39.30635838150313,0.0020109689213893968,84.53308866157022,63.527781911884084,0.25519139748487263,2.7279379206170256,0,1,2.4862673135755946,1,1
2.2945633799890084,40.458580184059706,-3.0,55.28169014084507,37.86982248520743,0.0020980238530512755,-2.022929009206564,50.5502962208695,0.17118436934495054,1.2187699942260577,0,1,-0.05709880267921753,1,1
2.130172082926441,40.4375337715665,-3.0,41.780821917808225,32.0,0.0019189896541427342,33.02187668857914,33.82625202629388,0.71368057217249,1.1626808960302175,0,1,1.0250693428827227,1,1
-2.568438275012013,39.97304567289837,-3.0,63.131313131313135,64.4444444444443,0.002457314562545445,-65.94474362944311,-105.71266798019133,0.7763295939569991,0.9317365269461078,1,0,-1.605611149238615,-1,0
-2.3916103187432918,39.92174432512364,-3.0,69.95073891625616,66.94214876033033,0.0025247663387825115,-20.92565710886811,-84.97618876985362,0.8645951689785476,1.058484673056169,1,0,-0.49570084521853386,-1,0
-2.016082849180843,39.7173489179385,-3.0,26.728110599078335,48.170731707317,0.0018974583698510078,0.07066277051490033,-21.461500969789633,0.72824798205379,1.4624256238208655,0,0,0.002213151649236252,-1,1
-2.0479675433877174,39.69257192753964,-3.0,25.777777777777786,47.59036144578326,0.0019407074361586288,-10.169085439854825,-23.38462859637766,0.7682454217667484,1.467285760424138,0,0,-0.3122087635043148,-1,1
-2.1427360036208394,39.65207052403151,-3.0,32.66129032258064,48.520710059171584,0.0019460198634279754,-16.599881102634754,-26.10078065066664,0.6098574445205173,2.1803533043492314,0,1,-0.5074199463687479,-1,1
-2.085883640667013,39.6212691132418,-3.0,35.769230769230774,55.24861878453039,0.0019476540616246499,-12.659142201917348,-24.13037370041966,0.44270452569975866,3.1690286996682953,0,1,-0.38611762707373176,-1,1
-2.2346914880084454,39.56094957693713,-3.0,38.27160493827161,55.24861878453039,0.0019621068121895885,-24.84633235192814,-36.08631100501625,0.2365561676472587,2.141767190837978,0,1,-0.7529191621796406,-1,1
-2.434458284951179,39.22817143840643,-3.0,9.294871794871796,41.05960264900642,0.0031025156009687627,-112.92619427391219,-95.2258565609056,0.8367519516222786,3.9940967752064562,0,0,-2.208054077981523,-1,1
-2.946740403763611,39.074172884570025,-3.0,8.262108262108256,33.58208955223887,0.003429209421021851,-63.44450373074142,-116.54255603270977,0.8161220367781177,2.394007360146332,0,0,-1.1271866145055582,-1,1
-2.3268931388056133,38.94687403091898,-3.0,22.425629290617834,48.91304347826093,0.004704610695679909,-99.73577916647446,-103.85152908894888,0.6530967202638451,0.7202759333974056,1,0,-1.29767742409911,-1,1
-2.233237484606185,39.244101756458576,-3.0,46.043165467625904,72.54901960784363,0.0026105515672128835,-50.94174245904287,-48.055127195574094,0.38740730886641245,1.359267350025206,0,0,-1.1768719379976902,-1,1
-2.7715065766341924,39.25204974085189,-3.0,30.21868787276341,28.070175438596664,0.005936494143309362,-64.37397512957432,-88.08811423841652,0.8827096449316286,1.3961014448690925,0,0,-0.6661017382217594,-1,1
-4.039091191851611,38.23636083938142,-3.0,15.741789354473383,44.444444444444436,0.008230079672247047,-472.3845397207315,-376.1429045597968,0.38955594585222003,2.0491051225303303,1,0,-3.613870795677727,-1,0
-2.8965461793335323,38.19684315984427,-3.0,15.617977528089881,42.696629213483014,0.008607056513914892,-16.26220978810852,-305.71975864348894,0.28578597874422446,1.658339901954177,1,0,-0.11932439047878371,-1,0
-2.389042267337047,38.135247045058954,-3.0,16.03229527104959,43.6464088397791,0.008886503792908989,-25.34733646577115,-225.12684516559747,0.1676576299368981,1.2214909744339097,1,0,-0.18031641794755898,-1,1
-2.5547721710566615,37.268482383691385,-3.0,44.797687861271676,75.46012269938643,0.0027166155574587215,-100.50233468897022,-92.40093387558773,-0.014112921201350066,0.8200843500126392,1,0,-2.3295243139827533,-1,1
2.7676681176181503,38.08823454034402,-3.0,33.04347826086956,24.175824175823976,0.0030956576873945193,125.02205607225551,72.89411547619129,0.8772763468381987,0.6511445761686069,0,0,2.5815763790731223,1,1
-2.3271016280840864,37.85820831305771,-3.0,66.43356643356644,72.81105990783365,0.002920064951839687,-119.5746249391741,-100.31007286090934,0.48702244949887485,2.0805131273929387,1,0,-2.587395284618914,-1,1
-2.3098258920397714,37.82864314248795,-3.0,54.804270462633454,69.33333333333304,0.0028658328017675716,-12.085678428757092,-82.8824018908308,0.3263988520534367,0.9245577644673364,1,0,-0.26687617981482536,-1,1
-2.7502372527309693,37.69231577016488,-3.0,63.13993174061433,70.8860759493667,0.00297542163339115,-55.69232627137899,-97.43079152565515,0.42022627817137836,0.7010180072596568,1,0,-1.1831450194223154,-1,1
3.3824918437364295,38.30672974616115,-3.0,48.75,25.308641975308717,0.0025899148897227053,127.51283382732618,126.12976652986545,-0.007215999933144768,0.7990158685819267,1,0,3.077895988935459,1,0
2.8894371028294437,38.392214441388624,-3.0,47.755102040816325,19.565217391304373,0.002606480930087677,34.82948949587626,116.88918831326919,-0.050170691902755575,0.9918085156116083,1,0,0.8363856825767884,1,0
2.5557870250296233,38.467040614683285,-3.0,58.79396984924623,18.181818181818343,0.002429387336016355,30.390392645416796,100.35370250267223,0.12023633182881828,0.7672584927980667,1,0,0.7821056930805793,1,0
2.2011694681926057,38.498080494910525,-3.0,48.03921568627451,16.203703703703695,0.0025249511077649134,12.5731764701668,67.90527801747994,0.461215103046886,0.7782597855896285,0,0,0.3121001251459844,1,0
2.033336616931267,38.54540658487832,-3.0,40.54054054054053,13.839285714285822,0.002433760389401662,19.12724395092664,42.06900745768835,0.6098726222438244,0.3603771436851202,0,0,0.4922452487370827,1,0
-3.0578316347890713,38.364000321414025,-3.0,67.51824817518248,77.7777777777777,0.002036771488852558,-48.54600048211978,-45.83312034712653,0.7792414589589826,1.25115862818423,0,1,-1.4774869711949496,-1,1
-2.4818252640139096,38.354586147226186,-3.0,64.2570281124498,77.50000000000001,0.001927169435640761,-3.835458614723393,-35.050760640726004,0.5935845096060693,1.8333034701069104,0,1,-0.12315692799570528,-1,1
-2.129387102656229,38.34844437757322,-3.0,58.41121495327103,74.82517482517478,0.001752624372432679,-2.5045333132711676,-24.295271058283106,0.5466887641133323,1.4942147329543816,0,1,-0.08809916177335766,-1,1
-2.271384781981347,38.29158350152353,-3.0,67.61904761904762,77.7777777777777,0.001965003784114016,-23.20616267659716,-31.276553562071058,0.5741864375231714,1.291854402565936,1,0,-0.7300815224097983,-1,1
-2.4269808708968847,38.21232261757736,-3.0,43.290043290043286,67.7018633540375,0.0021468854139964112,-32.43014190593931,-41.567601940285385,0.20615670817386492,1.2243457414929746,1,0,-0.9400041132156322,-1,1
2.3488359069532834,39.30686876484618,-3.0,67.94871794871796,13.740458015267563,0.0024099015123268735,159.16320222684226,103.44738603325568,-0.23302789225518747,0.667344495334385,1,0,4.096111822014323,1,1
2.9877382380168958,39.79845838932937,-3.0,22.629969418960243,20.33195020746915,0.00326902121658868,66.59691677865885,77.5465313759909,0.8451503315038744,0.2737314264733855,0,0,1.2807099380511318,1,1
2.608625592451395,39.85713080837027,-3.0,32.44147157190635,27.50929368029753,0.003113342111037964,72.82141351046266,55.45141604070486,0.735330209631787,0.415014597279014,0,0,1.46690617143378,1,0
2.3551717861112955,39.90038032020162,-3.0,32.5503355704698,26.811594202898746,0.002967616852771452,16.950190160099737,50.69539933621127,0.6111743946968976,0.3320387718834245,0,0,0.3579225674832524,1,0
2.0052069352632853,39.959069880241785,-3.0,30.33175355450237,25.000000000000114,0.002135267114143058,24.969302410181626,40.16193498862522,0.41956183547456977,0.27393455607789086,0,0,0.7267572427079891,1,0
3.9461552741145804,42.32127689660898,-3.0,77.38693467336684,17.17990275526745,0.0021973831164703852,953.862878673619,702.6173025146767,-0.7206825909385239,1.1035755145793178,1,0,26.81542229202945,1,1
2.7023862386684776,42.131775775708235,-3.0,78.1725888324873,21.71874999999997,0.0023655152373687842,-70.51743002991861,482.74604752680716,-0.827579258285314,1.1560482194817792,1,0,-1.845315926016562,1,1
2.190116140383338,42.11934795969349,-3.0,78.39195979899498,21.962616822429922,0.002432383372662915,-4.635804387909957,323.9414031158387,-0.8750426354525819,0.7566912840872768,1,0,-0.11800229351043527,1,1
2.266829884468969,42.96804810858053,-3.0,51.417004048583,37.226277372262814,0.001725327812284334,35.18721924343299,42.76804810858048,0.6857160277791114,1.713567686430287,0,1,1.2346392716994032,1,0
3.670250305491719,43.3205791908836,-3.0,45.777777777777786,25.471698113207523,0.001968893284185921,157.2784905207991,123.35485033572732,0.7714831158411357,0.4671940551160652,1,0,4.871457670998202,1,0
2.7199374491868666,43.326068783633005,-3.0,47.63948497854078,28.84615384615391,0.0020703282884986752,2.002179364910262,91.74930439288292,0.788485874375512,0.966265750815853,1,0,0.05901160233419719,1,0
2.497836877752256,43.411163938606244,-3.0,45.22821576763485,26.666666666666657,0.002179481418235744,31.240605741679246,90.31857017388465,0.8313951230387076,0.6865884576309395,1,0,0.8764899406483154,1,1
2.249002836343526,43.699797773467694,-3.0,55.421686746987945,18.00000000000047,0.0017291327177258735,39.479919109386174,49.61184630783464,0.11417014878382216,1.2867380543070772,0,1,1.3957547159884,1,1
2.0691517301256823,43.73370058150793,-3.0,53.17919075144508,16.071428571428953,0.0017216070748989688,12.240220348905495,42.133700581507945,0.13466214039541638,2.60144843703001,0,1,0.43493168752456074,1,1
2.245444141735941,43.72589416096111,-3.0,66.46706586826348,40.19607843137259,0.0017130892709853436,18.862947080480808,41.9511702556516,0.04078060325341436,2.0346154649147836,0,0,0.6736766814457431,1,0
2.287952321519861,43.777773775029196,-3.0,65.45454545454545,39.4230769230768,0.0018038433647570703,18.69999819876284,43.53555223327421,-0.1548207912854734,2.0978059013687322,0,0,0.6354368319967956,1,0
2.2424363292528824,43.830019577950786,-3.0,69.72972972972973,41.17647058823556,0.0018783890211556391,18.808499021100943,36.3235088100766,-0.3006432053389915,2.2452704728875212,0,0,0.613797170851779,1,0
2.439498822250302,43.9488228489797,-3.0,73.7864077669903,31.683168316832052,0.0019931662870159455,42.77697028203875,56.80878193787576,-0.4718722632144859,2.6639913031410467,0,1,1.3162144702165768,1,1
2.471119154531,44.29279243660136,-3.0,78.58823529411765,64.9484536082474,0.0031746031746031746,55.073198109150326,108.20297282337378,0.6373614973125037,1.3971201853726523,0,0,1.0590999636375062,1,1
2.31859838113166,44.34362547766821,-3.0,83.45323741007195,69.61325966850858,0.003016356738603147,18.434362547764977,81.78996015285266,0.5103406982685629,1.6742410321250005,0,0,0.37241136460131263,1,1
2.803417669473657,44.59326917619661,-3.0,85.28784648187633,53.84615384615397,0.0030703888864310044,90.52629804690878,116.69375958100427,0.36379167555681763,1.9121434987794113,0,0,1.7900680404755973,1,1
2.3893811707549673,44.64032902453002,-3.0,75.28089887640449,40.645161290322584,0.002993932297210986,17.032427731888674,86.37488037581315,0.1671724029162032,1.209450566794714,0,0,0.3460870656697263,1,1
2.117359364954226,44.68792976336366,-3.0,73.80952380952381,43.44827586206899,0.0028819721557151725,17.17198244084102,63.91927431130389,-0.023939214326351783,0.9702992206214958,0,0,0.3620598707406239,1,1
2.611552535212541,45.034440823998146,-3.0,58.264462809917354,20.54054054054042,0.002182626471822248,145.57921389519288,133.47163691391506,0.2921751713251738,0.47366943837990827,1,0,4.0519065497668,1,1
2.4484356249551205,45.0661387782844,-3.0,57.20338983050847,21.34831460674151,0.002243852824667214,11.253306938915557,115.35383788190666,0.13674315595932499,0.31627871343386493,1,0,0.3047317159474232,1,1
-3.642174250628105,44.44449671284175,-3.0,48.50299401197604,65.1515151515151,0.0029910714285714284,-238.88927567502833,-182.64475073725225,0.6823644347838632,1.4053774386026083,1,0,-4.889546578143855,-1,1
-3.061453361543061,44.29284305873302,-3.0,54.81727574750831,70.21276595744666,0.0030574624400782,-54.580695976354036,-181.82527897596884,0.6496428509215288,1.1413064377022253,1,0,-1.093175598954158,-1,1
-2.1171721665876833,44.39971418083295,-3.0,54.09836065573771,68.7499999999998,0.00308578573661412,38.61969988987403,-95.95917112441603,0.6507421205499644,0.9419071859642383,1,0,0.7669160261818956,-1,1
-3.3230472129905904,44.452452278740545,-3.0,49.30875576036866,90.97222222222246,0.002566534867639497,-181.58358297559244,-148.64352306145048,-0.4733561744061294,0.9684212153176232,1,0,-4.286964859457495,-1,1
2.054967856179342,44.77820483833908,-3.0,41.78403755868545,33.53658536585371,0.0032109270040304523,43.56653854849719,88.245127741342,0.366901710340324,0.9301121299160406,0,0,0.8343796712434483,1,1
2.577122347861519,44.912122128140425,-3.0,57.92507204610951,32.7380952380951,0.0027680639650839362,47.701667170478686,98.3611529624628,0.05660227052535463,0.7964025114542678,0,0,1.0550131759663532,1,1
2.2812305711861134,44.94031514740924,-3.0,62.56830601092896,36.206896551724334,0.002870356317015901,10.023873941034253,70.7195607251775,-0.1384096328768123,0.6650837817795889,0,0,0.2135985314680054,1,1
-3.2011690566689097,43.98341797768583,-3.0,35.185185185185176,75.1445086705201,0.0024832202688355857,-179.1369883152056,-161.74445022524668,-0.2832363877481584,0.6530804236399135,1,0,-4.430950241012153,-1,1
-2.046516900625559,44.080014977691825,-3.0,68.57142857142857,77.294685990338,0.0029458306884929323,-71.24400823773067,-48.70001872211469,0.7456015957985765,0.8346605915203323,0,0,-1.4820447478874137,-1,1
-2.6227768111614433,43.76476022678255,-3.0,51.904761904761905,66.1290322580644,0.0019377590018527303,-106.41190056695632,-105.66839506674077,0.7237961660615633,0.8643219958805057,0,0,-3.332811203439348,-1,1
2.5256084212844807,44.537431513060746,-3.0,96.6887417218543,64.03940886699485,0.0033338632188780557,64.36122945391799,78.64360924800386,0.7427329934989833,1.5858266013808868,1,0,1.1717258938294561,1,0
2.7904954728747855,44.74757021657829,-3.0,96.93251533742331,63.7254901960785,0.0037649607651457106,76.32329915160335,119.08291038625649,0.5973593961231668,2.0371216866721973,1,0,1.2296043591742774,1,0
2.6711118230898614,44.913193724026975,-3.0,85.17520215633424,51.19047619047623,0.003944450824668498,60.03732462386506,126.77083143143027,0.275120562615762,1.1909015702094063,1,0,0.9267062235216218,1,1
2.2401318880047842,44.9382696750425,-3.0,86.14609571788412,51.95312500000001,0.0041715908489584255,9.024692129984032,86.75802181581348,-0.06689566717557609,1.1967108842755438,0,0,0.13161009356226713,1,1
2.7685219709175133,45.13033350423052,-3.0,53.58490566037735,28.666666666666686,0.0020608638858978655,76.39100051269088,64.19455371956137,0.5037971197387127,0.645708791438485,1,0,2.2234386843610654,1,1
2.0276307140242276,45.09782255048683,-3.0,41.156462585034014,26.380368098159806,0.0022753027834832495,-11.66685083208722,38.744556376216494,0.7267181480588827,1.2480504328960027,1,0,-0.30934831751746417,1,1
2.5117105672637865,45.24016273742476,-3.0,24.48377581120944,15.508021390375106,0.002909097379143462,53.59823596926617,70.55544085138936,0.9071179749678538,0.5383291384484981,0,0,1.1233163227091711,1,0
-2.298432161392668,44.89201547224162,-3.0,65.15151515151516,64.0909090909092,0.0016099702842950281,-134.3234611153548,-68.72647202754015,0.5819100639717322,1.0217550465432486,1,0,-4.988139139562247,-1,0
-2.047356176024796,44.90802551232988,-3.0,75.2,65.74074074074088,0.0016180369001072782,5.754598724382959,-45.30560005435727,0.7429071584231537,0.9009598943960253,1,0,0.21257092913287973,-1,0
-2.567608000967521,44.74061261751869,-3.0,33.48416289592761,58.82352941176482,0.002214700970717724,-77.23703063087669,-75.93184288322736,0.13747136310695002,1.2217839975229305,0,0,-2.1202322133966147,-1,0
-2.6045557050579244,44.610245811352904,-3.0,33.18385650224215,61.71875000000004,0.0022105122136381905,-46.6102458113528,-75.67527865963238,-0.15266057025220553,2.169396481226197,0,0,-1.2820106902926114,-1,1
2.3108364037761575,45.05072341415869,-3.0,50.1779359430605,27.058823529410972,0.001993064493064493,42.0304340484945,54.676883409503716,-0.4207197025665361,1.371331348362399,0,0,1.2791871232150498,1,1
3.1981848964854374,45.364037909778176,-3.0,78.45303867403314,44.8598130841119,0.002403675897726468,148.26820189548926,121.56552682376022,-0.019270338897558706,1.9079536957985777,1,0,3.7266693474629258,1,0
2.5261355586167595,45.38158126161442,-3.0,72.8021978021978,36.607142857142364,0.0025929701697619788,6.228948756966929,104.32052825975515,-0.17589745794329026,2.410272724643549,1,0,0.14558477896082972,1,0
3.190781830027,0.17132975756773816,-3.0,34.615384615384755,31.925675675675663,0.004468919386460649,2.015680412002496,1.5813975199047092,0.9068339092616396,0.33026614437792556,0,0,1.1355945983112616,1,1
2.3656784064056513,0.17222495970318294,-3.0,74.75000000000023,64.33823529411754,0.0031059459017064414,0.3444548468720825,0.42088209993610237,0.932724639152856,2.147623333917161,1,0,0.2233611790740689,1,1
2.423945105065207,0.17247641262977137,-3.0,74.94646680942189,61.414790996784596,0.004275990459014494,0.7146768791522788,0.8592650906920539,0.8892395640058781,0.6557582725038062,0,0,0.4119175095978549,1,0
2.6665447507250457,0.17280578097254276,-3.0,77.52100840336144,65.18771331058014,0.004213156671315669,0.3282446247780513,0.8060144524313614,0.7997621449264355,0.4695261269232349,0,0,0.1902867390017688,1,0
2.5877226783797855,0.1730653240116116,-3.0,77.08779443254826,60.288808664259996,0.004218516674962663,0.25845225920926396,0.7120502452267032,0.6726100398981366,0.5028046731212946,0,0,0.14970341865658657,1,0
2.45171585728672,0.17338295624671402,-3.0,77.52100840336144,58.5964912280701,0.004164870868282326,0.3160446606220546,0.6830395263679747,0.4650093548779128,0.47975887503271264,0,0,0.18397610181741236,1,0
2.426166749046836,0.17384537686472862,-3.0,80.68592057761742,57.85714285714278,0.004624396683305136,0.45969378395699323,0.727077311567632,0.26166423521113175,2.4758660310855083,0,0,0.2552841323045581,1,0
2.130819375225371,0.17399337133645698,-3.0,84.09506398537468,61.13207547169802,0.004538484368816763,0.14739933713363484,0.5720435794783043,-0.21730215842090192,0.6325775606001733,0,0,0.08251062454501763,1,1
-2.4094190889464295,0.1718377208143531,-3.0,30.337078651686042,65.48042704626323,0.0022900132275132357,-1.2100478177818843,-0.8721193938183432,-0.009557654478862287,0.5175750766794945,0,0,-0.8669738714916255,-1,0
-2.5877743173901666,0.171181905833059,-3.0,23.38308457711524,70.20547945205465,0.0024140786749482454,-0.6594820022494616,-1.2262096255816801,-0.1845404015480457,0.7240993965328136,0,0,-0.46559495872377493,-1,0
-2.566919215012049,0.1705430238456714,-3.0,36.09958506224123,73.87387387387372,0.0026829570314112353,-0.6438011669196726,-1.3596781917799206,-0.07686620188817186,1.532852524267641,0,0,-0.4396690896036788,-1,0
-2.4833854329053078,0.16998526337260164,-3.0,34.80000000000052,73.47560975609731,0.002754559270516712,-0.5659587374432817,-1.3388717913416315,-0.10002392487041452,0.49210251187909926,0,0,-0.3833295754332825,-1,1
-2.1786138495170038,0.169814471067591,-3.0,38.13559322033929,77.84615384615358,0.002749952515834912,-0.17377736528112564,-0.8651128004560974,-0.03554267933772433,0.5428652887738951,0,0,-0.1177581371701726,-1,1
-2.115401930191246,0.16936586048555716,-3.0,52.17391304347816,71.42857142857127,0.0018515470704410213,-0.7334146512139057,-0.6816683070196803,0.4055569382694052,1.0292164795259384,0,1,-0.5550164928105275,-1,1
2.5406033898566798,0.17103016265165483,-3.0,39.102564102564315,23.673469387755034,0.0035853138911225158,0.8259874716898139,0.6277211138561654,0.937073833776333,0.6032742101904032,0,0,0.5105441326118053,1,1
2.504571802595694,0.17149518038008604,-3.0,45.77603143418464,18.918918918918664,0.003958841274432821,0.7814019278479805,0.6725980721520386,0.7781761454535899,1.8280189133736429,0,1,0.4639366832006672,1,1
2.105394181595514,0.17192894595319483,-3.0,49.62264150943377,38.197424892703836,0.004805021433961002,0.32789341892978996,0.5388751546114066,0.39889442820071397,0.2912644171075059,0,0,0.17938678644068246,1,1
-2.056263651486282,0.17003761005158557,-3.0,57.34265734265759,66.48936170212782,0.002809922851822289,-0.8861805282476212,-0.6935511924073865,0.2685773449609978,0.5456041422386274,0,0,-0.5976169265639066,-1,1
2.2561016741730886,0.17182088711680693,-3.0,60.18808777429486,48.79999999999995,0.0032967669347099384,0.8578327904307628,0.5214280291051864,0.5086389270651691,0.4071453745388712,0,0,0.5466390107433179,1,0
3.024062920219836,0.17256006396805845,-3.0,76.53061224489818,58.842443729903565,0.004129931154170443,0.7428715970011979,1.0100142554321736,0.6011610746332796,1.8247941850764542,1,0,0.43172280440086264,1,1
2.116665950038442,0.17233791962882425,-3.0,81.25000000000016,61.21212121212121,0.004535535144290268,-0.22466406151312412,0.5745280793833842,0.8904035934039932,3.5368167497248204,1,0,-0.12511125143928956,1,1
2.121354192327312,0.1728327670698269,-3.0,43.40659340659314,33.18385650224229,0.002332445173191227,0.43208191767456583,0.4055044469137215,0.7225024956546496,1.753853614064236,0,1,0.30721924060151967,1,1
2.0004233406850274,0.17329556454757963,-3.0,25.797872340425926,9.659090909091162,0.0028019236598694204,0.2986931048166923,0.27206837102183956,0.9001653526028551,1.4674488694755148,0,0,0.20065755601889088,1,1
2.390319045118064,0.17362133389667883,-3.0,40.90909090909099,30.45112781954893,0.002563598538830768,0.8081066694834078,0.5818952552149085,0.8941974605542686,1.3078789560033637,0,1,0.5584152701267358,1,1
2.40276373910816,0.17383920473280334,-3.0,68.2926829268291,54.5454545454546,0.0035736469753071764,0.2188672132674867,0.6427382142566784,0.874515886567034,2.3445948744459284,1,0,0.13403941319968524,1,1
-2.332668152264045,0.1707821805785635,-3.0,52.56410256410248,83.08270676691723,0.0024019798136645956,-0.9989722861985513,-0.9245857540002532,0.14023801587388224,1.3995193202766525,0,0,-0.7013847546027944,-1,1
-2.4718021378324644,0.1695947304768677,-3.0,81.15079365079339,84.83033932135744,0.0030724527223359864,-1.0047314961992981,-1.4425973448518163,0.9123528458982194,3.468340921843594,1,0,-0.6470212027042421,-1,0
-2.1352688418850643,0.16952067734584764,-3.0,82.47232472324706,85.46845124282993,0.003286894399607127,-0.07856203203752443,-1.277659785817741,0.9504070220932391,4.229405398650347,0,0,-0.049321455090822676,-1,0
2.4697995103919497,0.17002393245764127,-3.0,77.21139430284848,76.95312499999977,0.0041190940313747025,0.5348205065676837,0.6860004033032737,0.9251351645599706,2.5779157579538476,1,0,0.30375201184371586,1,0
2.8405563731446457,0.17076049534117027,-3.0,81.04738154613456,81.26984126984112,0.004723878940074846,0.8000567802824037,1.080254303576544,0.9783152898156855,3.4521267021051387,1,0,0.4252389872419775,1,1
2.740139368647028,0.1712941565145483,-3.0,72.45714285714266,62.82051282051267,0.005092699438418311,0.5831297460251221,1.2683905579186614,0.9616582827267871,1.5842090900608075,0,0,0.29969957578383744,1,1
2.213363806347714,0.17128062887201218,-3.0,70.91722595078306,56.708860759493575,0.005382978067063548,-0.014670364932754865,0.7618211746581324,0.9432496414620243,1.1924482804485312,0,0,-0.007345676289648379,1,1
2.1408656586099926,0.17160254362031382,-3.0,72.51585623678648,60.933660933660974,0.005656682027649744,0.34815389531121355,0.6634525276441365,0.934370083333835,0.7266170040441084,0,0,0.16965382994629308,1,1
2.144826976885435,0.17338874722548878,-3.0,44.376899696048405,27.759197324414473,0.0029744268552651105,0.8316214855725548,0.9403657316882459,-0.48449595320440697,0.4856252371954218,0,0,0.5357892682013681,1,1
-3.1800079291514876,0.16972094294955983,-3.0,20.496894409938122,59.91189427312784,0.0021767216067024022,-1.5701582234671037,-1.3421424011203953,-0.30115981463426766,1.1324723581299965,1,0,-1.1238351292709363,-1,0
-2.5109869635411544,0.1697000746966978,-3.0,20.12195121951278,58.36909871244608,0.0024621078465965453,-0.022419895424604874,-1.0361322659202301,-0.5120997001566183,1.5143584643047514,1,0,-0.015477245362153308,-1,0
-2.134659546999487,0.16946693354579606,-3.0,31.304347826086754,56.27240143369174,0.0031840140535792615,-0.7914541072828456,-0.3685202401912363,-0.7065808226505462,0.5398601939890096,0,0,-0.5009203210650927,-1,0
2.184854091253223,0.1701648160665123,-3.0,40.860215053763675,27.586206896552255,0.002951109304398123,0.4654120401662851,0.35280322680342807,0.6175689043859083,0.696470982197518,0,1,0.30235584975999985,1,1
2.05841342299607,0.17022964520863298,-3.0,42.29249011857679,34.23076923076901,0.0025813780406596324,0.46710229700144623,0.37530020921784624,0.9154584753666077,0.71917111218988,1,0,0.31760233890336353,1,1
-2.082878572609899,0.16893014151637883,-3.0,20.884520884521322,38.61892583120177,0.0034233338854839624,-0.5420371273646936,-0.34986419150899906,0.7590625747148726,1.876580672099384,0,0,-0.33459081936092183,-1,0
-2.4472271531814256,0.16855891448576274,-3.0,21.144278606965543,42.245989304812774,0.0034918352675362033,-0.39799124014004406,-0.581475953298883,0.6671355339680529,0.8085254353282807,0,0,-0.24395259903505323,-1,0
-2.1466153847228924,0.16848230978888185,-3.0,24.433249370277068,44.854881266490594,0.0034460979749733624,-0.08217877174669752,-0.5122020494664525,0.5443847279716486,0.5164978189086078,0,0,-0.05061604947002923,-1,0
-2.205058563432578,0.16820002107142984,-3.0,24.18952618453868,46.57534246575338,0.0034917471389818225,-0.30317999789284045,-0.55902002317859,0.42284499426896804,0.5552177678614986,0,0,-0.1859185269601298,-1,0
-2.2322185603995197,0.16787941098281017,-3.0,22.24880382775079,51.14942528735627,0.0034799752957385232,-0.3443035287862699,-0.5694552931794021,0.33132785227518236,0.6810014311808609,0,0,-0.2115072138221928,-1,0
-2.2011735143415785,0.1675698350860635,-3.0,20.173535791756777,43.45047923322692,0.003746656188729878,-0.3327011154397326,-0.6101083802103233,0.07496300421681547,4.574842613254957,0,0,-0.19871227031383323,-1,0
2.2799899495603917,0.17060076229599905,-3.0,40.09433962264156,25.839793281653428,0.0035702114538874665,1.4396121967359932,0.8150762175508817,0.6364514427130458,0.7332346424355393,1,0,0.8839724015045579,1,1
2.3603548557364076,0.1710644050292094,-3.0,39.1705069124425,24.449877750610895,0.003615710873133239,0.478470501122672,1.0252406578359057,0.8227123649556842,1.1968272469560788,1,0,0.29251471684355485,1,1
2.559160244415722,0.16911354449882968,-3.0,61.675126903553064,50.0,0.003104395604395592,0.39587250679716135,0.7386121496284261,0.7050954500051123,2.1281456646705808,0,0,0.25295367846464023,1,1
2.3308293492801533,0.1692042802750682,-3.0,64.45623342175067,52.45098039215691,0.003162642318904333,0.09764727646762594,0.6304016734216645,0.5647394016549785,4.970251761041409,0,0,0.06199827077309597,1,1
2.536746846438142,0.16958954888629432,-3.0,69.23076923076961,48.41628959276005,0.0031510293886531323,0.4139738722157347,0.6694813308793016,0.2812412482049168,2.4011902493380655,0,1,0.2631986471852996,1,1
-2.074336097730276,0.167384903235968,-3.0,86.95652173913011,95.50173010380708,0.002707354258680009,-0.5769245161798437,-0.6563956078041258,0.9692126444617769,1.7017156313831787,0,0,-0.3866416096944873,-1,1
-2.0053392628591458,0.16723757030998646,-3.0,80.9688581314876,95.2029520295212,0.0026625450312268762,-0.1599999999999966,-0.6385348121763457,0.9628734366015843,1.2239250298251212,0,0,-0.1078478574867577,-1,1
-2.0262891139379087,0.1659898061757122,-3.0,16.96428571428558,49.27953890489914,0.003303701102829681,-0.692994903087822,-0.5498883589359025,0.12574769665902757,1.2921863675118095,0,0,-0.4354546069672136,-1,1
-2.18257729912861,0.165169894706338,-3.0,26.21082621082614,49.206349206348726,0.002650544522741834,-0.3802305472372609,-0.8813543324961302,0.43323343196684255,1.4936504597854787,0,1,-0.2581584704811664,-1,1
2.640447132851913,0.1678132018870333,-3.0,71.18353344768454,58.0645161290321,0.004411892036554555,2.588280197169439,2.0978674444901118,0.42646414985122705,8.209610223701509,1,0,1.437363060704964,1,1
2.327427284454396,0.16793077956345775,-3.0,74.54545454545475,72.35023041474614,0.004886146521752756,0.12713918013903935,1.7068011828255294,0.7316268952639288,4.884480629519538,1,0,0.06721859977139538,1,1
-2.373460684434845,0.16399631391976863,-3.0,43.90026714158503,50.87719298245614,0.007840703971119125,-1.8100368608022848,-2.266747719323331,0.47177061082280075,5.0491867852399,0,0,-0.7573375986620442,-1,0
-2.5393425189876564,0.16292561982458484,-3.0,21.816283924843418,49.37163375224413,0.00673762605161321,-1.1574148760350909,-2.505276033122658,0.6445503272481216,2.754786061876324,0,0,-0.529363223276422,-1,1
2.3419786839866052,0.16140105508921354,-3.0,55.925925925926165,27.247191011236154,0.0025485207051867825,0.6831453809549828,0.9976672801155644,-0.26895260085813716,0.8255506762204702,0,0,0.47370160145466933,1,1
2.546452710372548,0.1620779403813904,-3.0,63.608562691131134,27.45098039215641,0.0027259684361549403,0.7275844119237433,1.2749403490612052,-0.5209770045776773,1.9404762407788478,0,1,0.49327756740592826,1,1
2.116960606363257,0.16186304311804978,-3.0,26.55826558265521,29.498525073746436,0.0027474126106654534,0.8060110854075901,0.9991543003350728,0.8580567245308932,1.709749440203087,1,0,0.5475087431201482,1,1
2.5229879224149827,0.16269429360646542,-3.0,57.142857142856975,40.89068825910925,0.0025643146662255012,0.8294300276226068,0.7577305439602867,0.3836317908608138,0.7036019812888111,1,0,0.5748524943919052,1,1
2.3658768330695734,0.16290973364820363,-3.0,68.34862385321033,39.03743315508062,0.0025202816785405446,0.7459631864462324,0.5527705491569975,-0.1551764432440117,2.027306897427033,0,0,0.5190598712846546,1,1
2.057562321431674,0.16296157052800236,-3.0,71.63461538461539,38.829787234042676,0.0026480956773853484,0.055184628211236486,0.44140768589440993,-0.18819861195447007,1.085781799713413,0,0,0.037816191627866404,1,1
-2.1187114316115228,0.16070479033895846,-3.0,23.28358208955231,37.647058823529115,0.003162125421124196,-0.3628723354576664,-0.2978696767525662,0.004437823599618084,1.3064816274612931,0,0,-0.23639891560759982,-1,1
2.002066279530844,0.16207428517054764,-3.0,23.11435523114389,21.379310344827744,0.0029168402881123694,0.3686377125457909,0.5919689104143174,0.9132193434322776,1.8513735733304342,0,1,0.24740786076898771,1,1
2.4607520464571633,0.16244194128098507,-3.0,22.9166666666667,21.010638297872035,0.0031183527609971854,1.0208493948388195,0.6571771935223069,0.9307881384066491,0.8643441442526276,1,0,0.6700371086612041,1,1
-2.0291146385225067,0.15981818457013458,-3.0,21.926910299002742,49.299719887955185,0.002981001993037176,-0.31392727382805674,-0.49387272919910286,-0.4427768127275287,0.5513372303045982,0,0,-0.20958425529770178,-1,1
2.2532405848663672,0.16142577852692663,-3.0,10.162601626015416,9.448818897638134,0.002402558119436523,0.2939843597507945,0.892404273184269,0.898009799746892,5.553812412308423,0,1,0.21041825340036416,1,0
2.778233232393892,0.16204936705646206,-3.0,15.879828326178696,7.092198581560282,0.0023619531236506205,0.6385579745806638,1.1561065313678227,0.8934449264285913,8.929473023269804,0,1,0.4591582765346324,1,0
2.625438865732619,0.16241412798865296,-3.0,19.911504424777576,6.920415224913484,0.0023910228744065567,0.3723454303795961,0.9724435493664714,0.8787607878888906,4.513764499545095,0,1,0.2667776880918295,1,0
2.0907073451934806,0.16232054000783824,-3.0,42.124542124541726,22.475570032573273,0.002643115007735937,-0.09537064603841827,0.46257896239654883,0.7970464619511055,0.6709373321333236,1,0,-0.06626248359989366,1,0
-2.0118958687381565,0.16195496523911068,-3.0,73.10344827586208,82.06388206388196,0.0038292476754015346,-0.6745568122912289,-0.5839349175188602,0.9553573232934512,2.571964157895971,1,0,-0.40953145585764056,-1,1
-2.07949159160579,0.1618258475427569,-3.0,73.00813008130089,77.50000000000006,0.004169097935746849,-0.24526966098292746,-0.6744151781346772,0.9678311420440721,0.5526611703876372,0,0,-0.1439134641140395,-1,1
2.1024967733804023,0.1635239535772851,-3.0,79.32330827067676,64.73029045643156,0.0038229138536321787,0.34975269787005914,0.7514404840196732,0.10949926816465379,0.30821870331684065,0,0,0.21233901865484966,1,1
-2.0483495230501694,0.16141111128386967,-3.0,27.82608695652182,46.24060150375944,0.0027218592130035446,-0.3780922227232395,-0.3166811114393681,0.8942249289627384,0.9128736799623167,0,0,-0.25960231084479546,-1,0
-2.2683840944588147,0.16095174690503017,-3.0,40.90909090909087,58.490566037735526,0.002903808161318864,-0.6292372709765459,-0.504303760109957,0.5730284795646514,0.7867530937061443,1,0,-0.42311824177097357,-1,1
-2.5660437290958042,0.16063007453062503,-3.0,56.41891891891876,74.57627118644011,0.0029928172386272755,-0.3352763875592757,-0.6054495607282433,0.6522962277148306,1.0302092672110557,1,0,-0.2229866710608014,-1,1
-2.7144929208188264,0.16011396570076986,-3.0,58.7112171837707,72.35294117647081,0.0036010845619386545,-0.6469801050266142,-0.9355726874512186,0.6005775266278347,1.0925555889926915,0,0,-0.4025653986832266,-1,1
-2.138382680958611,0.1598992057294958,-3.0,49.66292134831459,64.804469273743,0.0037296631409031054,-0.5238084908860117,-0.4273923638027384,0.5241103829617185,0.40059954036496964,0,0,-0.32191917789307123,-1,1
-3.268120158153534,0.16082769501414407,-3.0,62.63736263736278,66.4031620553362,0.0025071572563568245,-0.4124830850424246,-0.4670817318458205,0.8325365287893388,2.213128306002126,0,1,-0.2898977505318247,-1,0
-2.7819590382161747,0.1607398234700561,-3.0,56.6265060240962,64.73029045643202,0.002364006100660898,-0.09214796469402131,-0.42199752336916274,0.7538092433243445,1.7556017875090346,0,1,-0.06588720662493869,-1,0
-2.97554512265062,0.16034319071664815,-3.0,49.09747292418752,63.576158940397605,0.0027645659928656327,-0.7736129963682856,-0.5233765604039832,0.35053729561042046,1.6911743525134593,1,0,-0.5280634787496832,-1,1
-2.4266168565742996,0.16029762514037743,-3.0,43.92857142857133,59.23344947735196,0.002818206549461023,-0.04779166240172117,-0.37773690756457085,0.1023196998075748,1.0366427699898384,1,0,-0.032432538711783594,-1,1
2.450367716877189,0.1628103102689728,-3.0,49.2537313432832,9.89583333333377,0.0023186950639449374,0.8603325823717114,0.8398033031296563,-0.16845923657083411,1.1415859634650132,0,0,0.6192625271570154,1,0
2.0922792677575095,0.16341844653569507,-3.0,42.116182572614285,40.61624649859964,0.003724737215726874,0.6041375729678577,0.4318374177579244,0.9282614925377171,2.5070706540196372,0,0,0.3724317931109641,1,1
2.0275405560389133,0.16353612631107628,-3.0,55.18987341772152,43.50877192982448,0.0037021430291355704,0.29895057683549453,0.3695475410399013,0.8763188904192991,2.2279191982198903,0,0,0.18510871630680764,1,1
2.62064144926716,0.1639310306496104,-3.0,65.33333333333326,52.542372881356044,0.0036746713830673214,0.4011448245196618,0.5614689582342521,0.6952738241662436,0.5523561637217229,0,0,0.24893739110262697,1,1
2.5653456811387065,0.16421187086249392,-3.0,67.25440806045358,49.090909090909136,0.0037814874135996437,0.28505169039624434,0.6366537341072274,0.4418724254808903,1.0472198768919698,0,1,0.174801737430899,1,1
2.1624654097017912,0.16508857773512864,-3.0,76.08695652173881,47.76119402985066,0.0035856946964083264,0.5203543109405189,0.6675497892130693,0.2979229176896673,0.49388070463430195,0,0,0.32493132708150213,1,0
2.387171022134104,0.16706404757963503,-3.0,22.468354430380515,23.780487804877936,0.0036327666044647156,0.5623842854778047,0.6330430045262233,0.9122822963348105,0.19650501279684562,0,0,0.35133333318559873,1,1
-2.551970937176769,1.6027302113149842,-3.0,30.373831775700395,54.651162790697576,0.002354838709677415,-4.491057355825774,-4.899828760733999,0.5020627428952674,1.5772830130589834,0,1,-1.5897548162215147,-1,1
-2.4206007069518938,1.6002067192893292,-3.0,29.816513761467533,57.69230769230762,0.0022964124319837663,-1.2200930236801923,-4.430630493832496,0.21013622033943685,2.068113037646525,0,1,-0.43910802908798724,-1,1
-2.5719796136260693,1.5955035004320324,-3.0,27.896995708154137,61.940298507462515,0.0022762951334379883,-2.276402800345636,-4.660219171131916,-0.13893240136110646,2.155188670524506,0,1,-0.824570225222223,-1,1
2.2665747757793597,1.6138023128792076,-3.0,66.95652173913038,49.77375565610854,0.0037199974121757233,1.6662243944705324,3.274505782198048,0.7404094562697965,0.7315397596499218,1,0,0.42999339212142684,1,1
2.4985631139676507,1.6177981239108656,-3.0,57.76566757493157,40.074906367041045,0.003915227222181047,1.9136054035815278,3.888209020948352,0.7503229409783612,0.9006352802444695,1,0,0.47627512266917926,1,1
-3.103018301213029,1.59825155041789,-3.0,71.95467422096334,81.88976377952753,0.003080601406961261,-5.908722500195381,-4.060208682340158,0.9402298734005335,1.1263378201824683,1,0,-1.7415182105838933,-1,0
-2.2300311264984956,1.5997937488730718,-3.0,70.55555555555563,75.91240875912409,0.0031576234050779907,0.7497937488730031,-2.6293399963938553,0.956812573640199,1.1049591165775488,1,0,0.21733152141246384,-1,0
-3.0415757994079717,1.5922842685380412,-3.0,61.61879895561378,77.24137931034474,0.003295212250436146,-3.642284268537992,-4.654016255513488,0.9288592439622158,0.8564633418980451,1,0,-1.025995568602248,-1,0
-2.28152314537026,1.5933895742160513,-3.0,65.19337016574593,77.24137931034505,0.003314101084698821,0.5373558296863621,-2.6342658018328167,0.9184287039967044,0.9384411124039425,0,0,0.1507611546214243,-1,0
-2.5427697332361885,1.5878179126456966,-3.0,56.1038961038962,77.00348432055766,0.0034251647781974376,-2.70573626942587,-3.151076299034912,0.8606308780611047,0.5730247900607459,0,0,-0.7427511327835722,-1,0
-2.349679658481034,1.5849718138741369,-3.0,54.54545454545444,76.20689655172443,0.0034930324903048615,-1.3830056372252102,-3.2426474632486815,0.7593602549327494,0.8345715749918651,0,0,-0.3748708406805992,-1,0
-2.159938724825229,1.5826659424033842,-3.0,56.511056511056445,79.47882736156355,0.003721589855771011,-1.1200658337637606,-2.7010927104668325,0.6570492409252888,0.8108885641519514,0,0,-0.28958304104695576,-1,1
-2.0240816934238306,1.576255621955597,-3.0,49.12790697674433,57.446808510638284,0.0033448282360035537,-3.2626939652487863,-3.268967953296851,0.7002528722835721,1.2480984866305966,0,1,-0.9227821315855131,-1,1
2.4081467792172497,1.597224207250965,-3.0,68.0942184154174,48.40182648401841,0.003732144023437875,10.085419941964005,5.880279008495563,0.6605893068516633,0.7836263156905728,1,0,2.614738503472144,1,1
3.242871107703499,1.5970581064717255,-3.0,50.0,19.87577639751578,0.002052679212890847,4.542645266179306,5.575645022379672,-0.25499787119001815,0.3318044155260426,1,0,1.7665842701808303,1,0
3.235595424211858,1.6035450776219642,-3.0,66.03773584905646,22.01257861635223,0.002317782360700841,3.1094682383568397,6.361054704467733,-0.6800177167670112,0.4141317427222056,1,0,1.1176522551218344,1,0
2.8428989343811644,1.6083226685415026,-3.0,67.60563380281675,20.114942528735654,0.002488994557646256,2.290819469104008,6.287391817701769,-0.8231438378452899,0.6394104966674531,1,0,0.7860655041043108,1,0
2.881449155564601,1.6187515111529562,-3.0,70.0483091787438,13.419913419913073,0.0026095597180561445,4.987192109016519,7.534630530819891,-0.8678125357387055,0.32403046881314423,0,0,1.6584486823332698,1,0
2.1858125695752464,1.6166457424453002,-3.0,70.87378640776718,18.10699588477361,0.0026186761756184784,-1.0008197325894344,3.729962336401536,-0.896440508009565,0.9547337642696302,0,0,-0.3320255037026538,1,0
2.2410821133502234,1.6328953032261113,-3.0,40.893470790378124,26.08695652173877,0.0028733254259417714,1.3480924167744206,1.8081984049038056,0.7280625731478785,0.2051666518844038,0,0,0.4170893665158418,1,0
-2.491795855960486,1.6261192487817995,-3.0,42.77777777777767,47.54098360655727,0.0032984826054774327,-2.5508953990254213,-2.1508058591228747,0.9591841006894166,1.2928002935397447,0,1,-0.7192857117090802,-1,1
2.6586061429883534,1.6372440818524778,-3.0,56.33187772925788,46.913580246913575,0.0036118667745018806,5.281862204092704,2.5886330774367936,0.9215229400120593,0.7199846394561714,1,0,1.3873559260281005,1,0
3.0225115960029383,1.6416268513345662,-3.0,55.02183406113531,43.34600760456272,0.0037925454645753374,2.0803589344350257,3.8053828236343406,0.846374806027856,1.0628516762026077,1,0,0.5271497752414533,1,1
2.3979026690575336,1.6450997632941209,-3.0,71.81818181818198,59.47368421052643,0.003687639544672592,3.658039905317537,3.085528170428188,0.3548800919324593,6.941352535774368,0,0,0.9431410437282791,1,0
2.650161841141485,1.6504002703925071,-3.0,75.00000000000011,55.86592178770929,0.003986753396038784,2.5150400270392765,3.9552878566920073,0.36610309233884974,1.2109803970092832,0,0,0.6102350152261683,1,0
2.1847572332806613,1.65052631020347,-3.0,73.4649122807019,55.865921787709574,0.003785532069970852,0.05968421387785838,2.7246315828575236,0.5046165594488045,0.5151311955823591,0,0,0.015041926089829277,1,0
2.234020148179949,1.6559793118414634,-3.0,71.50537634408595,51.33689839572194,0.004203286205578911,4.6903813806573,3.017989655920701,0.49590167615212294,1.0930223792374405,0,0,1.09078636759472,1,0
-2.228376506483674,1.6447346230157196,-3.0,71.0706150341683,80.89171974522314,0.004650180615710882,-5.6453875248010945,-3.403413640872509,0.8990189848222678,0.9444541738416821,0,0,-1.2020597010983296,-1,1
2.116574065473025,1.6660925822265957,-3.0,80.04956629491952,81.26801152737775,0.005029203224938604,6.450086112665986,9.03699025121657,0.970435875650328,6.555013236395287,1,0,1.255054976752241,1,1
2.250965803547424,1.6673401994334647,-3.0,67.41214057508017,43.295019157088156,0.0029350649350649333,1.7007072094052091,4.041131535048248,0.02942737251818742,1.5661384510381273,0,1,0.4970751760265749,1,1
2.2456736873416308,1.66947697903734,-3.0,75.53956834532394,58.44155844155832,0.0035815203854643466,1.05725212022503,3.822563610605539,0.3321176452978153,1.194400730324559,1,0,0.26573661908708146,1,1
2.2053865492113016,1.6720423692415007,-3.0,78.43551797040195,56.313993174061295,0.003915477046318168,1.2779576307585785,3.231990600900508,0.6374011235903789,1.6057762173842534,1,0,0.29943777122376736,1,1
2.2423191896329824,1.6827772988338425,-3.0,73.61702127659568,70.65637065637054,0.0038142689666722743,4.778557183965063,6.391967500029182,0.6958020313867579,4.916805603690641,1,0,1.1234223438372888,1,0
2.7144698225834225,1.6911341839011091,-3.0,78.47222222222211,67.52136752136738,0.004131029266305961,4.236082270123688,8.04583466783247,0.8627457521254818,2.932700798300273,1,0,0.931007092334871,1,1
-2.8332850305984763,1.678078052777783,-3.0,59.36739659367409,65.48913043478265,0.0031397174254317226,-7.355104909027773,-5.60750734305559,0.9451344803149,1.1179865389976253,1,0,-1.9955710993486153,-1,0
-3.646707152950108,1.6618354237241706,-3.0,56.35103926097001,72.06208425720635,0.0032281265157977695,-8.27970877964151,-10.66511820165822,0.8750631392616866,0.8613382315515611,1,0,-2.2037247702467795,-1,0
-2.3540467193115275,1.666471786860493,-3.0,56.55172413793112,69.21296296296302,0.003438318895732168,2.3832651254011807,-5.835641598886218,0.9182011677477477,1.0924480054427566,1,0,0.6044512999205863,-1,0
-2.2406151492984443,1.663193892564632,-3.0,52.452025586353905,69.53488372093018,0.003705035670377294,-1.6836806107435223,-4.679790044140009,0.9345543221414613,0.9178240596208264,0,0,-0.40431438336894066,-1,0
-2.4134689812243995,1.6551459344953483,-3.0,52.67665952890793,71.27192982456137,0.004026446336394733,-4.132718901742919,-5.015468519471392,0.8964797196465327,1.3011753986424972,0,0,-0.9324426208606075,-1,1
-3.322064658596987,1.6391126473586675,-3.0,58.72483221476519,78.81040892193299,0.0026224942463560575,-7.268143472567203,-7.264675884152075,0.38479971034646565,1.1686459921137984,0,1,-2.2388120707577555,-1,1
2.617248766563859,1.6753702870906007,-3.0,53.846153846154095,44.16666666666666,0.002635463666463755,18.949221272832915,9.828269972293128,0.13652905370485188,1.1745787169230402,0,1,5.8177433732381285,1,0
2.155688046388391,1.675488276749224,-3.0,56.401384083045095,45.967741935483886,0.002651978784169757,0.05960937860061222,8.203150375412406,-0.07618887207111368,1.1213148657648386,0,1,0.01820133697728603,1,0
2.051516747308377,1.705964375302007,-3.0,48.44036697247724,33.58208955223887,0.004009087264466161,1.4735089061746294,2.3849806572618264,0.862586303679378,0.9919126711468529,1,0,0.332727817523301,1,0
2.0967444537936775,1.7076338262170245,-3.0,42.38281250000012,27.40740740740732,0.0039078826381342855,0.8368704435953305,2.1899778169133013,0.8518219159913147,0.4942086436673711,1,0,0.19285903226888126,1,0
2.7565486346729835,1.715693838698565,-3.0,41.89189189189209,23.12499999999993,0.003924508703446236,4.033359051575189,4.523268198338838,0.8564551070008221,0.30071573171003546,0,0,0.9279708582095679,1,1
-2.7026525675120623,1.6987412358971055,-3.0,46.38783269961962,64.06249999999986,0.0026006873545253587,-2.8583636066662166,-3.9066461111275883,0.6570503884621796,0.3360607546360856,0,0,-0.8902578530217373,-1,1
2.412498990595223,1.7211325436321248,-3.0,47.65624999999992,35.77023498694514,0.002473953943153841,9.62919165206381,7.126904410177053,0.6441760396549459,2.6677423487863785,0,1,3.1097735439191148,1,1
-3.2991868419958914,1.6801835040210473,-3.0,57.02479338842986,65.8407079646019,0.0031825443538215773,-19.486073595437915,-13.703181804661494,0.3494271477852564,1.6722406595384824,1,0,-5.261427778903196,-1,1
-2.8861918295802993,1.6732313460524377,-3.0,41.69278996865219,66.42857142857144,0.0038063131569164178,-3.5143690288816742,-14.305690168524984,-0.16576200154277948,1.2615273627079648,1,0,-0.8332119628169936,-1,1
-2.4542884444016155,1.6399615470664148,-3.0,36.20689655172374,71.16788321167907,0.0030078745479739113,-4.69189233178588,-6.375502329548658,-0.2708409676082245,0.6768471574020153,1,0,-1.3243244484879493,-1,1
-2.4260907785818975,1.6349808072138257,-3.0,20.18633540372626,66.09442060085857,0.002929447722904737,-2.5674904036069393,-5.987109887076872,-0.5037427017084888,0.7804953070173697,1,0,-0.7396062891048775,-1,1
-4.0904479995917855,1.54634245618422,-3.0,7.118353344768408,55.40540540540563,0.007545079808966944,-44.613902736855266,-37.25595177546315,-0.4285996395976749,9.996753539776229,1,0,-6.432488551142871,-1,0
-2.832480170049191,1.548614423793282,-3.0,13.51351351351336,68.96551724137944,0.008106618975359511,1.1576325947927444,-26.443339693683107,-0.6772136073148236,6.973126825578857,1,0,0.1562106633937194,-1,0
-2.486642268116818,1.5366407089078644,-3.0,12.396694214875879,68.04733727810684,0.008713685397755197,-6.114656283563136,-22.191556390965253,-0.7911777720694562,2.1084202258737896,1,0,-0.779646520672894,-1,1
-2.18560988168579,1.529072333910372,-3.0,8.082292432035118,64.45783132530158,0.008793108178550871,-3.867731916522416,-15.205002207162988,-0.8614488136639608,2.219867551512966,0,0,-0.4915864442243643,-1,1
2.325729431909803,1.562778327887076,-3.0,80.86734693877588,48.03149606299212,0.0038001630582480336,4.975556655774199,5.510961776743352,-0.03257945965534924,2.0459885198525036,0,1,1.2450007717754912,1,1
2.0843279265910972,1.5672679877723663,-3.0,67.1794871794875,39.926739926739906,0.004167992363983447,4.9205281553691975,3.6079482803824705,-0.2868514067319754,0.5291444891064726,1,0,1.1510007380980598,1,1
2.5256810333657773,1.5776324816342089,-3.0,73.40425531914931,33.435582822085905,0.004255106582018657,5.1962525726574995,6.337793517721297,-0.46762600488434475,0.7400339388759178,1,0,1.1955223667576822,1,1
-2.4249553190353197,1.5329583992711078,-3.0,44.57831325301193,81.03448275862033,0.005025466585849078,-5.916197999088922,-5.488006782717162,0.011312462405318403,1.5414076130027559,0,0,-1.1908953556757003,-1,0
-2.3582878644811305,1.5226712876973816,-3.0,50.64695009242149,86.1111111111112,0.0048238292678549,-7.596168222115352,-4.999201706462008,-0.03405828123939804,0.7418127238534513,1,0,-1.5696878982968994,-1,1
-2.3476488842458827,1.5179748060730585,-3.0,50.8317929759705,87.38170347003157,0.0051914603393967695,-2.4546584300204586,-5.881590600013192,0.12127178551751067,0.5653814066025997,1,0,-0.4782911345899291,-1,1
-2.3383645722559008,1.5095175783840402,-3.0,25.102880658436234,37.89062499999998,0.003698345979584026,-2.5102477535048138,-3.298432870915053,0.2239014080333719,2.4778033146528577,0,0,-0.6430643833315184,-1,1
2.1067941051421264,1.515703920028989,-3.0,87.16049382716004,86.15384615384592,0.0031402118068364717,1.9710740199926704,2.0656029023918334,0.9726462858708195,1.8170447244026486,0,1,0.5643156703455514,1,1
2.8692269531921504,1.5252221403231967,-3.0,81.67006109979609,67.06586826347313,0.0035279456328784625,5.88026656838781,4.542996575758775,0.8655132504189154,0.6243004701789918,1,0,1.543087759277032,1,1
2.8160533641671117,1.5333964461639948,-3.0,86.2010221465075,63.38461538461555,0.004213707885145314,7.2000000000000455,6.792690649542328,0.6371294326728627,1.6844878573046949,0,0,1.6416938110749388,1,0
2.2839160566396233,1.533473399923996,-3.0,83.84879725085902,58.576051779935234,0.004297191256149941,0.040063029965835995,4.792782921936987,0.45782566456232004,1.4662062654159524,0,0,0.009002928082210374,1,0
2.141149750369262,1.536011384889768,-3.0,81.12449799196776,54.140127388534935,0.004207698397872108,1.328809107911752,4.9965794681615305,0.23703242717137576,1.1440801347537684,0,0,0.3034800572718534,1,0
2.515523956139726,1.5469493035563857,-3.0,85.040650406504,53.548387096774285,0.004516715822192373,5.7179576044665055,6.835352623920426,-0.04300133568294274,1.9232730540010092,0,0,1.228724581159346,1,1
-2.0964217979577118,1.524005126859473,-3.0,23.749999999999872,40.07936507936519,0.0028943624797573586,-2.3478048705165975,-2.324403076115755,0.8897128388645414,1.0707105735053226,0,0,-0.7091535746975696,-1,1
2.0777036990944984,1.5366271375939857,-3.0,61.29032258064518,54.45544554455485,0.0033741243238450003,1.498807639435995,2.30466798145103,0.6403230594482625,0.4349393401156906,1,0,0.403137501481343,1,1
2.017232231479267,1.544914083671841,-3.0,53.26797385620915,32.02247191011182,0.0027303754266211665,1.6227542958165486,2.450178352388366,0.5523076259005044,0.3957346363217023,0,0,0.5071107174426707,1,0
2.1722862789185244,1.5494481996764964,-3.0,61.27320954907167,27.272727272726655,0.002578026195929999,3.424724099838272,2.7473620499191385,-0.02839193861803608,1.0085053381732059,0,0,1.1111503452545934,1,0
2.0319441611409914,1.557250288024967,-3.0,58.25242718446597,40.21739130434812,0.002632712007319559,1.7057250288024761,2.1430526411322264,0.30423011781609927,2.9233099116907555,0,1,0.5508685214125656,1,1
2.134316058634044,1.5586766606234972,-3.0,54.225352112676276,38.14432989690751,0.002812289751065253,0.7293383303118617,2.0899001292239974,0.05701992804990185,4.089190034331338,0,1,0.22515406007422456,1,1
2.8664603066880523,1.5636772014854334,-3.0,58.04195804195837,31.623931623931895,0.0028460276624924924,2.5545965018568495,3.494784854094496,-0.2700734994288579,1.5609477199165565,0,1,0.7817344486556479,1,1
2.047766352995327,1.5616938238514746,-3.0,50.60975609756112,24.832214765100815,0.003265383333483466,-1.010866425874724,1.3561498684361368,0.11660184035182833,0.423380719884524,1,0,-0.2816344271093758,1,1
-3.01174122656987,1.5365385111977947,-3.0,45.08474576271205,66.07929515418473,0.0032348753807060738,-5.753461747030656,-4.1308270804969425,0.624665163072098,1.9334028418387161,1,0,-1.6141976845376633,-1,1
2.033697257562115,1.569762823607782,-3.0,60.99071207430336,24.193548387097763,0.0023183856902101708,0.8122035295095884,2.174877440106502,-0.5297405569722945,0.8225050915968276,0,0,0.2842712353283559,1,1
-2.6249174337226906,1.5379016452926282,-3.0,23.86706948640466,21.468926553673,0.004298899408500756,-15.77077047544526,-12.938059660056002,0.6219969028990929,2.9480149329550307,1,0,-3.6224903471080077,-1,1
2.010729089577774,1.5611990701595937,-3.0,63.11787072243345,44.75524475524474,0.0024240877774942505,0.17194004649206818,2.783438884191537,-0.16370450218941573,0.37708757710988144,0,0,0.05928967120416158,1,0
2.0558289926741242,1.5691079361118847,-3.0,44.480519480519284,6.756756756756786,0.0025167399950399784,2.63740364986279,3.1644796493638294,0.5833293762636751,2.0428974051280924,0,1,0.8918756303883885,1,1
-3.6196789263206934,1.5466989885568299,-3.0,50.65789473684227,67.39130434782612,0.0030540293040293167,-7.492955947583596,-6.399557970469982,0.7673356303098341,0.7605184549013935,1,0,-2.215446320299262,-1,1
2.4523161851635606,1.5628028929519855,-3.0,67.58893280632385,51.02040816326526,0.0023841191426218996,3.024878842819362,2.4790569624004775,0.6792427767622963,1.151308974832527,0,0,1.0495242577316244,1,1
2.8260388380890884,1.5665277139434481,-3.0,67.84313725490146,47.6190476190476,0.002287522603978296,1.8815485568518397,3.2363513971873545,0.5912088858919667,2.2288143312585396,0,0,0.6702717505324628,1,1
2.657247226475379,1.568948317408813,-3.0,77.68595041322301,49.26108374384247,0.0022763199494150958,1.2206844952225993,3.317579326963505,0.5355143471226812,1.7609362835616351,0,0,0.4359587482937875,1,1
-2.215781373619707,1.5425208948706686,-3.0,67.39130434782626,74.9397590361445,0.004430194502833742,-4.313192908329597,-3.6547190881771257,0.9422944755965245,0.2502760816410617,0,0,-0.9442486429494014,-1,1
-2.0148498068471716,1.542342003320587,-3.0,62.72727272727283,72.13114754098358,0.0044015492031908065,-0.09324349750954752,-2.551152783619409,0.9127887847543156,0.26743937027912423,0,0,-0.02054144713034873,-1,1
2.1226628046788996,1.5588772987128638,-3.0,60.97560975609764,43.06358381502908,0.0030446848375578826,1.7383159480693848,2.2091396924722178,0.1839040680164652,3.695296493882979,0,0,0.5022997579560665,1,1
-2.895273898480852,1.5330749852739358,-3.0,59.5477386934675,83.57664233576648,0.004104938271604915,-4.675878705085665,-6.9051784531711515,0.6157287879499458,1.174288859490517,0,0,-1.0811280242972685,-1,0
-2.0652752012779474,1.5367332081632634,-3.0,54.90196078431387,77.17391304347835,0.0038994686147853556,1.9330598873468716,-3.407528487673585,0.5351792800546654,0.7967318722347705,0,0,0.46459808451255463,-1,0
-2.2204289298377384,1.5327862524298748,-3.0,60.78947368421054,88.85135135135147,0.0037723571516504943,-2.081965631074695,-3.4758179192308263,0.4943421409055308,0.3622585943191929,0,0,-0.5122586789990485,-1,1
-2.029180530437651,1.5315511493176288,-3.0,55.71776155717778,84.19243986254256,0.003854931228026872,-0.654491752943386,-1.9338079136605983,0.3673943147428258,0.7001997112174227,0,0,-0.1586646673802154,-1,1
-2.562050702593837,1.5236715193400026,-3.0,57.089552238806014,61.73285198555945,0.00261050707122199,-5.763478388138992,-5.1249566411766185,0.8655736771585829,1.5249925416080454,1,0,-1.8464232822413373,-1,1
-2.96849538279437,1.518197279144977,-3.0,56.60377358490577,68.11145510835874,0.0027923395063354254,-2.9195833339050523,-5.780726191832173,0.9268826315097515,1.312997509294393,1,0,-0.8924490540321174,-1,1
-2.399009018331462,1.5177404454354395,-3.0,62.76150627615063,73.33333333333333,0.0028342927450894033,-0.2446778663694431,-3.933865603567574,0.93913881282578,0.8334582894833367,1,0,-0.07406465144156152,-1,1
-2.628662002878724,1.5146315973871591,-3.0,33.66336633663411,56.451612903226085,0.0028484735896959204,-2.9728052603918513,-2.675610520783812,0.41649730309560345,1.7635793861772473,1,0,-0.9008500789066295,-1,0
-2.6035121031876765,1.5118324803332654,-3.0,32.775919732441736,58.24742268041206,0.0028857796908282165,-1.4921570964831972,-3.202069129939878,0.08783133452471133,0.913276427910655,0,0,-0.4478070600378344,-1,0
-2.2449200251643933,1.5110445802108643,-3.0,31.92182410423483,56.00000000000036,0.0029555429704091426,-0.4211343969262771,-2.3699700610949095,-0.08515620710673742,3.6264630846913235,0,0,-0.12438568685586338,-1,1
-2.255308564860484,1.5078536844452686,-3.0,32.820512820512704,55.813953488372306,0.003233064058956876,-4.301570736888948,-2.3493195264448103,-0.30766491132108426,0.8560733977441758,0,0,-1.1925146597316003,-1,1
2.3003460712758055,1.514782770333033,-3.0,57.66423357664246,46.60766961651923,0.003644224830142079,2.5,2.7524869290434024,0.43239465852286757,0.8179652743824829,0,0,0.6329113924050612,1,0
2.0487371563712253,1.5156908346373419,-3.0,54.59662288930593,36.184210526315475,0.003619989404909069,0.4851990425141821,2.207981258581026,0.3501624487569412,0.48139700876029423,0,0,0.12350521082179156,1,0
3.3519363865781138,1.5544718641868491,-3.0,37.58389261744959,8.156028368794225,0.00298167957703186,8.835204338235144,9.382846982050001,0.2350492535095588,1.9653947943746013,1,0,2.579621704594194,1,0
2.9227296762927875,1.5597777322232909,-3.0,47.79661016949162,9.663865546218304,0.0032218471923903137,2.7758110723898426,8.838350937092923,-0.15577789496198072,1.1900557297517451,1,0,0.7657409854868514,1,0
2.7229663380124838,1.5660393161784985,-3.0,53.84615384615372,8.778625954198276,0.003419289873473146,3.2707570084588724,8.384156427139441,-0.4797213671523889,0.7591888745543643,0,0,0.863159248226657,1,1
3.3557758036034393,1.3290229485039151,-3.0,31.578947368420998,25.27075812274323,0.0028099528099528393,7.905746870425219,7.438764047001451,0.8115907343295297,0.9599427655991127,1,0,1.392206996049712,1,1
2.4469576301366747,1.3285680086521776,-3.0,33.179723502304284,26.819923371646965,0.0028339559448666944,-0.5700023939434686,5.162549335893163,0.870697143263359,0.4157896259488916,1,0,-0.09975041894010644,1,0
2.2525751745211386,1.3299768031116144,-3.0,33.33333333333333,32.631578947368254,0.00266537332394803,4.122928089646166,3.23773829627703,0.9395138418630905,0.3275886625836775,0,0,0.7584887418534303,1,1
-2.278948644330891,1.322023162589529,-3.0,56.39097744360873,68.8995215311002,0.0019446252955487727,-2.747439376402326,-5.072509951020583,0.6709202024983985,1.8044145491957588,0,1,-0.6475446341689,-1,1
-2.3114117202198687,1.3205514273966137,-3.0,60.48387096774205,69.04761904761864,0.0020312660701429543,-1.8564411419172302,-4.133924911889062,0.6433240456684197,1.6898774801549044,0,1,-0.4232927685153304,-1,1
2.091808582314612,1.3356186172987514,-3.0,28.093645484950045,30.769230769230973,0.0028685307083761193,5.915768459361516,5.4276849166362355,0.8713982098008032,0.9736480583831061,0,0,1.0288292972802608,1,1
2.838428488774453,1.3444731645087002,-3.0,58.98876404494397,28.712871287128422,0.0034779244228536977,9.66889463290181,8.391825453084493,-0.15963132766151264,1.3986784639747831,1,0,1.4263911997958436,1,1
2.2220539028707944,1.3441129055687864,-3.0,64.21568627450999,45.24886877828072,0.0036856405729028176,-0.4452742033888626,6.001658059080455,-0.1005596478960075,1.4287663349593742,1,0,-0.062338388474440905,1,1
2.584787133872839,1.344886331976886,-3.0,36.477987421383666,28.070175438596365,0.001914073614236563,5.934658995930704,7.385783947175105,0.10202852943545669,3.3218767520705006,0,0,1.4226922250518843,1,1
-2.7018588153374394,1.330455860312795,-3.0,33.52272727272667,53.754940711462666,0.0019794346699931785,-5.961774962531763,-10.112451949945262,-0.06856295664509493,0.6537941397445529,1,0,-1.3980711804931991,-1,1
-2.5464088324174288,1.3283570181867035,-3.0,21.80851063829745,55.96707818930067,0.0019960599512267286,-2.601492894544208,-8.95104103710646,-0.2651495549010115,0.5700203994746893,1,0,-0.6070150087269772,-1,1
2.1062540066492668,1.338939176244368,-3.0,74.16267942583752,62.365591397848675,0.0017555210489993216,4.106727011493149,7.684320785438922,-0.17445453975875053,1.9014799332377113,0,0,1.0510818676582048,1,1
2.029144025524285,1.3495967456846711,-3.0,89.6666666666669,50.19305019305002,0.0027103162747023116,5.448790237054027,5.451225751714583,0.5234873311876993,0.176246336803932,0,0,0.9842975912097539,1,1
-2.019882178391979,1.3371305865247598,-3.0,59.831460674157455,73.00884955752169,0.0029150176603259617,-3.9897474163828974,-3.473029553077913,0.6534314498359711,6.632154589863812,0,1,-0.6770480464164936,-1,0
-2.3760504159790234,1.3323091661377506,-3.0,63.51648351648353,80.57324840764308,0.0036662527349062817,-3.920326409949439,-5.516076777864373,0.6898882795375612,0.8976873338625576,1,0,-0.5444897791596434,-1,1
-2.4999649130750834,1.3295115611508033,-3.0,61.57407407407412,82.71954674220945,0.0037296430680955235,-3.5509974007184155,-6.323251334673296,0.8470041065976958,0.7577735779788051,1,0,-0.48548792587947043,-1,1
-2.0513537166953775,1.3296392352405217,-3.0,58.75576036866378,80.11049723756858,0.0037705097999476416,0.1626031587647958,-4.281325153749867,0.9162649562456205,0.44627198912228927,1,0,0.022037214159798087,-1,1
-2.0286020388941433,1.322623533295084,-3.0,56.80751173708943,77.04081632653032,0.0037151807350991792,-3.8903611799655664,-6.907254602525927,0.8541388788429176,0.4050468751901095,0,0,-0.5339711423482139,-1,0
2.4328310990382405,1.3243348029202868,-3.0,64.82758620689667,40.46511627906998,0.003610564055951107,13.659467842336426,13.147620798835124,0.22306509224920015,1.8768250838984732,1,0,1.9161578135542132,1,0
2.6624744889949947,1.328700775313376,-3.0,68.51851851851846,43.27731092436964,0.0037943018316740204,7.721751938283205,11.393232248408685,-0.20007021085098683,0.5194279372159025,0,0,1.0354839763981323,1,1
2.625600591037843,1.332472186062363,-3.0,68.71165644171757,36.94029850746255,0.0037936330751088937,4.830405432611769,10.383445975873064,-0.42572991312007125,0.42273611869700556,0,0,0.6477555177831883,1,1
2.384026363713276,1.3347958801172324,-3.0,73.76543209876532,37.21804511278188,0.0037693288162881813,2.96827546812915,7.94526516842202,-0.5973876668136202,0.5646789694737249,0,0,0.3999601208258734,1,1
2.098155599830557,1.335968681659189,-3.0,75.92067988668552,40.21739130434762,0.00399685274004134,1.4968375820092206,6.4641111433884815,-0.7013331373161124,0.9564681735680216,0,0,0.1913764945034624,1,1
-2.2631537142342535,1.3188823292777085,-3.0,58.46153846153864,64.81481481481455,0.0023099945200860004,-2.746435260988619,-4.894354031985268,0.33786666302476914,1.6482497101131341,0,0,-0.5588676403174501,-1,1
2.592488429286444,1.3308423822808797,-3.0,41.71597633136101,37.80160857908842,0.0031072420693556845,12.967119446107745,9.12812490868264,0.689938149707465,0.8235783842370944,1,0,2.072370687734106,1,1
-2.278372660918205,1.3155030626881967,-3.0,47.338935574229545,55.88235294117659,0.0036938534278960003,-6.472710413140021,-10.027778131114246,0.42076857918691374,4.211247017986122,0,0,-0.892787643191723,-1,1
2.1629493349824287,1.324530603353543,-3.0,60.73619631901843,43.25699745547071,0.0027978255938027707,10.693604007834438,6.540833456761857,0.3085401490955644,0.9975589065286266,1,0,1.857449827663552,1,1
-2.083065326852993,1.3053683855892537,-3.0,55.55555555555509,65.36796536796558,0.0026365539984909677,-8.126841927946316,-7.614022972776047,0.2515832104951466,3.390632002487474,0,1,-1.4931205641896155,-1,1
2.0216847516624674,1.3202918659198222,-3.0,68.32579185520346,54.52380952380944,0.0035949469157371284,3.0444961720636456,9.623660860773589,0.5940875740617336,0.1624068951428114,0,0,0.42794122900493053,1,0
2.4322592761930406,1.3247982348188956,-3.0,71.0144927536231,54.8463356973994,0.0036814538395890154,5.805121059109069,10.580701387532235,0.46749184011673706,0.4156510554986844,0,0,0.7967813218384997,1,0
2.1448800805149277,1.3293203495101606,-3.0,71.40221402214007,54.38247011952198,0.0038353991903509813,8.336970586375173,6.583541652804752,0.3022102772186298,0.3612068175893241,0,0,1.1021490860174936,1,0
2.28552987088676,1.352538287120153,-3.0,86.97478991596674,28.878281622911572,0.002111598829475941,17.32977453354647,17.787880886229324,-0.5317380037114624,0.7734940480565332,0,0,3.7440870905810035,1,0
3.0568292890723545,1.3778615122383506,-3.0,69.45812807881744,17.18983557548583,0.0020904298290178426,32.1732547133015,39.103402597395146,-0.30915107578057355,1.7714867668007896,0,0,7.0159745480719495,1,1
2.1434700164015297,1.3691965190768782,-3.0,73.72881355932199,27.29658792650919,0.002193583767480138,-10.787322406030398,18.710019026473127,-0.43318547799015567,1.6642577399914598,0,0,-2.2608160731201297,1,1
2.6112526068181325,1.4136689832964322,-3.0,26.62192393735998,19.450171821305815,0.0036262438859841553,68.9615058961158,46.35927693301646,0.7339077328029546,1.383551465965594,1,0,9.654610825456189,1,0
2.270547467531829,1.4181924760682654,-3.0,23.75249500997991,18.67986798679864,0.003900334193493824,5.420082065725865,38.61605116857709,0.8647035424712833,2.1853085602744984,1,0,0.7145117600768526,1,1
-2.674340755159008,1.4057803032100802,-3.0,46.590909090909285,57.97665369649779,0.0025107815915401525,-9.143468181925982,-9.748092424494052,0.1674121875945227,0.23777503182406487,1,0,-1.741612987033515,-1,1
2.096170373707748,1.425069015047662,-3.0,50.10351966873697,35.193133047210225,0.002994539369385252,2.8724792954856184,6.303107663474293,-0.038111950474383295,0.8224300947002585,0,0,0.470898245161575,1,1
-2.2860333126707078,1.4095651663635906,-3.0,28.528528528528568,59.49367088607584,0.0025461866414022,-3.704782583181668,-8.885617275981668,-0.5196104426148224,4.384035883647657,0,1,-0.6990155817323855,-1,1
2.1243036142948175,1.4241967713618497,-3.0,63.345195729537416,45.000000000000426,0.00283246890578578,2.6969377399532277,3.944718830667489,0.14000840668252484,3.1399700280738934,0,1,0.46327764858092385,1,1
2.67851054746982,1.4283206265389063,-3.0,69.88304093567268,47.30538922155666,0.0029387420679045776,4.928847310807441,6.656887039069761,-0.06727121166270061,2.9084041081139955,0,1,0.8185511548197438,1,1
-2.016045471598929,1.409870368215414,-3.0,29.58435207823925,50.69124423963122,0.0034962071449760566,-3.596779625966292,-4.050857405036913,0.793312448799205,0.24507627362771364,0,0,-0.521812588223089,-1,0
2.471988090965255,1.4210481400439599,-3.0,73.11827956989251,59.18367346938759,0.0027015915898279336,17.084192560176007,13.682101400437796,0.06800366518845462,1.9649003387783759,0,1,3.050748671459989,1,1
2.948225442558686,1.4279766380607768,-3.0,77.01149425287356,57.44680851063778,0.003715118700541462,8.301665413429873,16.8179517722373,0.4509006037225584,4.661043580588652,1,0,1.1261949204265278,1,1
2.058240534363047,1.4108333048513801,-3.0,58.61111111111112,40.458015267175675,0.0032191376255168414,4.947166490078644,4.986583210860999,0.23494901697820075,0.4932045391248432,0,0,0.7670025566013386,1,0
2.08211483329297,1.4158531197373148,-3.0,62.7397260273975,37.668161434977684,0.0031528080617596733,5.1742678077637265,5.207536057342577,0.43710392807877113,1.0893301303173961,0,0,0.814845324057281,1,1
-2.2422118573806378,1.4091662669743352,-3.0,50.592885375493985,69.37799043062128,0.0025877786273010893,-2.5774159072511793,-3.9447820782993857,0.4680250157724262,0.28647012511269115,0,0,-0.477299242083548,-1,0
-2.307141279293728,1.4058439130948024,-3.0,53.159851301115346,61.4457831325295,0.0027799273265594754,-4.566882000235864,-4.177531739284314,0.3424164913501024,0.236684281744728,0,0,-0.7982065918015185,-1,0
-2.211546205839046,1.400230809507144,-3.0,65.48223350253838,74.99999999999982,0.0025352539037864913,-6.040946318979195,-5.940946318979195,0.1200712903589906,0.4927888877674331,0,0,-1.138267139511555,-1,1
2.054690208162352,1.415649721303494,-3.0,91.89189189189212,74.28571428571372,0.002200810430759781,2.6493898327826173,6.529633899669443,0.5597618534857675,1.1940988440259714,0,0,0.5544313551413503,1,1
2.17034389695848,1.4115885598824205,-3.0,69.59706959706939,53.33333333333333,0.0023832728642680986,2.5292708479057637,2.8186015854517334,0.6887203913033525,0.6805716633943656,0,0,0.4904403306188474,1,1
2.294534790995448,1.4125731699902602,-3.0,53.0821917808222,37.01923076923066,0.002442775716999904,4.572690241975124,2.9965792649564262,0.7509992943150637,0.7529358730449798,0,0,0.8721752505129681,1,1
-2.6041782637575692,1.3997108442423716,-3.0,49.52380952380942,62.13872832369958,0.0035540069686411263,-4.6392481950304045,-6.919190363878807,0.6904387177974646,0.3463747880086199,0,0,-0.6449798880876414,-1,1
2.9135833838111895,1.4187544978650812,-3.0,66.14906832298112,50.0,0.0029810913633524596,6.456263493594861,8.605640742527658,0.08019163009238234,0.5874150595074433,1,0,1.033002158975175,1,1
2.145724051708561,1.4170291718206363,-3.0,59.17721518987331,37.765957446808876,0.0030941146852692643,-2.1417029171823287,4.407681681097529,-0.06652459135171243,0.4358744757890108,1,0,-0.3324150869240855,1,1
-2.6145880340833583,1.4136352917470705,-3.0,65.46184738955841,79.76878612716679,0.0019110916350180114,-4.458178816891632,-4.67199717021208,0.876366264199635,1.6417694819266664,0,0,-1.0215139678638778,-1,1
-2.1034900341219394,1.413895580650072,-3.0,63.135593220339004,78.40909090909032,0.001842218453023424,0.3241686741948797,-3.0573991942011163,0.8562789406082162,1.7517360243792777,0,0,0.0764033912243826,-1,1
-2.0604293146128856,1.4129561370151797,-3.0,59.07335907335905,74.61928934010102,0.0019462051032016845,-3.971660523313858,-2.257813859182261,0.7515575575758809,2.770779708890458,0,1,-0.8982754010726031,-1,1
-2.1445331649050847,1.4108277886549658,-3.0,42.12328767123265,60.24096385542091,0.002496619585227197,-3.7248410958829936,-3.604203992168368,0.5111594382608767,0.2321330005423142,1,0,-0.6925335370831558,-1,1
-2.3124401624456117,1.4088131362174812,-3.0,42.41379310344812,64.81481481481421,0.0025807240704501144,-2.5044065681086067,-4.285532321859,0.31933637544790344,0.39538502575111795,1,0,-0.4535794560610648,-1,1
2.81013539716112,1.4274999616615867,-3.0,62.0289855072464,45.06172839506209,0.0028973342910408872,7.301500053673635,10.297850025303342,0.04103867459126938,1.9584368043366804,0,0,1.1913869551448732,1,0
2.4728512945338257,1.4289290812939446,-3.0,62.20930232558125,37.42690058479555,0.002991497848220879,1.7720723463289687,8.16319333641618,-0.18843512072877894,0.6087077243582016,0,0,0.2816005998706621,1,0
-2.3490530754458034,1.4234227219451001,-3.0,36.24999999999988,42.948717948717764,0.003315046201190676,-4.1991009229425345,-5.224324913566034,0.5330573690690311,0.9981742615229512,0,0,-0.6104611933665162,-1,1
-2.059013807298169,1.4231138895350104,-3.0,44.02515723270457,58.90909090909073,0.0030269409806806466,-0.38471889069796816,-3.883897167558189,0.46851935172815706,0.6313586768197341,0,0,-0.06031427177795681,-1,1
-2.701950873875059,1.4208380794529138,-3.0,42.433234421365185,56.29629629629609,0.002821929041750098,-15.887950364115568,-10.275610576059625,0.1391495563664336,0.7780664965583375,1,0,-2.641701960779295,-1,0
-2.163046518417744,1.4210063184178905,-3.0,43.20241691842908,52.325581395348514,0.0029755203139576213,0.21050315920888352,-7.556664262724643,-0.021127472987413253,0.8708696411213583,1,0,0.03348913896504948,-1,1
-2.1613980853988775,1.4179949211428005,-3.0,37.323943661971896,62.09386281588474,0.002978699488562929,-4.246581208228463,-6.198015723062781,-0.2157629239732033,0.2385379341376788,0,0,-0.6740605092426111,-1,1
-2.268156406378717,1.415254928650706,-3.0,40.99616858237596,70.60931899641604,0.0029504327301337714,-3.4381373216265274,-5.056952277501159,-0.20797578458792068,0.2637603156738971,0,0,-0.5501019714602415,-1,1
-2.047409121184504,1.412438389817332,-3.0,37.73584905660398,67.00680272108838,0.0030083655083655344,-4.9486082965802325,-5.332110760987371,-0.3812988703797803,0.3901047397807393,0,0,-0.7801859927040851,-1,1
-2.504808659714523,1.4302589512838364,-3.0,15.646258503401654,33.771929824561326,0.0023717938357603495,-9.73144021718258,-5.906906010559306,0.9032707591774195,1.562499195211962,0,1,-1.8740049936802758,-1,1
2.692729239793089,1.4455166451528663,-3.0,62.831858407079544,53.558052434457124,0.0036320286111662793,8.012826632244469,7.184937656770307,0.7979061374448275,0.7924771336231762,0,0,1.0643223230685313,1,1
2.0847832304735463,1.4448641739624402,-3.0,68.12977099236622,58.593750000000206,0.0035124246060442166,-0.811404921773601,4.822129881728278,0.7747938295126043,0.3426575203631814,0,0,-0.1109342666487349,1,1
2.565591533245106,1.45523943801896,-3.0,71.5000000000001,43.708609271523166,0.0024455085474468278,6.719430988434169,9.481263104804157,-0.20461934929519526,0.7835122070983629,0,0,1.2377899189220765,1,0
2.5151514556213432,1.4579040394019063,-3.0,73.49999999999939,37.5,0.0024725729744225033,3.315808078803684,10.21194292410173,-0.3814058944803981,0.6447257734528347,0,0,0.6052322438494282,1,1
2.004332589717687,1.4570485523608248,-3.0,66.66666666666629,37.377049180327695,0.002561451146930245,-1.062885434291502,4.592313033468781,-0.4378506151864065,7.59136611511364,0,0,-0.18859817591990924,1,1
2.1588311705359415,1.4605768711281317,-3.0,68.05555555555506,59.04255319148973,0.002374682591930796,10.106634558240785,10.200576871127987,0.054737550617811194,1.6467735107137318,0,0,1.8966874506081808,1,1
2.0552990797583193,1.4610384369600677,-3.0,63.430420711973895,55.22388059701472,0.002408938968315011,0.5759730302243042,7.505063792572992,-0.07197631237093907,0.2626608707391396,0,0,0.10694459447135578,1,1
-2.95169180101557,1.4490667997674456,-3.0,69.94535519125725,88.04347826086938,0.002397586040201466,-9.798560918395424,-7.048662094669998,0.8206082655316702,0.7022796294160611,1,0,-1.8169516934773027,-1,1
-2.902197863072894,1.4462370480995197,-3.0,37.34567901234555,57.21518987341774,0.003363791939459597,-12.232798583787144,-10.36484002986872,0.6483095970358941,1.3072484162087172,0,0,-1.7177450368407214,-1,0
-2.913717526855721,1.442010029019249,-3.0,35.27696793002917,57.43073047858948,0.0033620384570012974,-5.318814040627103,-12.282524528845533,0.3852648083872878,2.2281776935516886,0,0,-0.7483758449123563,-1,0
-2.2458650080436913,1.4427674906530976,-3.0,34.69387755102028,54.9618320610688,0.0033388128141197512,0.9542139925222273,-8.081434570837882,0.2699501669554809,0.2893083415300338,0,0,0.1350757926725096,-1,0
-2.3553478440252102,1.4234923565032256,-3.0,41.31147540983608,75.53191489361716,0.003105246085807623,-8.68330337466955,-10.039531998840175,-0.2418273921010192,1.055775646445245,1,0,-1.3142296999499923,-1,0
-2.4692209932825238,1.4197920179283867,-3.0,38.650306748466086,76.41025641025661,0.0033454891390518326,-4.693854412550081,-11.868106014303384,-0.48137712264767035,0.656060772872399,1,0,-0.6678248147937131,-1,0
-2.3209386012003037,1.417775341159959,-3.0,37.49999999999983,75.66137566137597,0.0033790751169984765,-2.5595528752758128,-9.719722953341352,-0.6295519934554009,0.5356101261898709,0,0,-0.3612272203010235,-1,0
-2.3029060501982563,1.4146341657860355,-3.0,33.518005540166044,72.61904761904772,0.003400603845542645,-3.9902439160503036,-8.327804930937964,-0.7877369397318028,0.95008391622281,0,0,-0.5608776588825758,-1,0
-2.699378762810839,1.4018546616586318,-3.0,52.97029702970304,75.86206896551694,0.003053283570237446,-14.31112796995194,-9.159906927848443,0.5724662886307817,0.518753067691258,1,0,-2.204134120784669,-1,1
-2.792327288967293,1.3983169920248226,-3.0,46.0829493087557,74.19354838709647,0.0033592842018117974,-4.53983169920275,-11.01225816331439,0.42304751616042763,0.6361208852393199,1,0,-0.6459110141142104,-1,1
-2.66839073442192,1.3952492397912821,-3.0,42.76457883369332,74.31192660550417,0.0036043219967306053,-3.9371495438745114,-10.765747719373895,0.23172876754060504,0.4080693962326527,1,0,-0.5279702453471551,-1,1
2.0028754264150472,1.4150618089550657,-3.0,67.7192982456136,52.54901960784355,0.0027344861378939553,7.39614834149188,4.844869226029414,0.379404058311756,0.29939953142303816,0,0,1.2445441920779667,1,0
3.057714420065469,1.421930265061986,-3.0,64.47876447876418,39.534883720930196,0.0027303835181248255,8.773774616878427,10.328125300250894,-0.05971701066268874,0.5421899926030268,0,0,1.478132907777362,1,1
2.4651604170411274,1.4217558762639704,-3.0,72.17741935483815,44.32989690721651,0.0027246234886236917,-0.22175587626406923,7.478321154550349,-0.4372559609213807,0.3387486160415457,0,0,-0.03740460563490345,1,1
2.1717892057215913,1.4317287829451575,-3.0,68.62745098039213,48.44290657439472,0.0023387039812903915,4.104420296122953,8.682936865269676,0.25425582142581504,3.640777559648403,0,0,0.7807321215451206,1,1
2.0283272471879634,1.4326983567128555,-3.0,67.22408026755853,43.81625441696117,0.002299716656070726,1.2326983567129446,6.47905382605054,0.09650150757697493,1.2920161161565407,0,0,0.23771042691434,1,1
2.4612145343489007,0.923358778624751,-3.0,66.56716417910411,50.50100200400802,0.004020219198790623,5.276274809163169,5.395694656487194,0.6957968089995019,2.1073472123207386,0,0,0.7453869558858167,1,1
-2.065146879999783,0.9120932277249751,-3.0,46.012269938650434,77.64705882352916,0.0017021437554965166,-3.5857211960421864,-3.2828654352508693,0.1932664842274729,2.216149191171157,0,0,-1.0040019348918077,-1,1
2.826576681268378,0.9218374013673247,-3.0,72.6436781609197,63.125000000000334,0.003573292087510728,9.403222756444848,8.947542110468566,0.8247884947718847,1.9229103508012126,0,0,1.4514346040818904,1,0
2.944423611086734,0.9248120193128576,-3.0,77.2043010752689,65.79804560260615,0.0038281068524971006,4.947368413518916,10.551127826867196,0.7751308942290471,2.825735920364231,0,0,0.7184974874405058,1,0
2.571205935650927,0.92559255644544,-3.0,79.05138339920963,67.69230769230793,0.004153739291502675,1.2976297742181941,8.13251126292912,0.8230996947881756,3.478669980464955,0,0,0.17518627617217616,1,0
2.2218214457514,0.9262589904104358,-3.0,83.82642998027606,67.88990825688103,0.004336569579288045,1.1106115143843454,5.523165476823943,0.8569071051370593,1.7811283084790297,0,0,0.14423526160835598,1,0
2.0561555427613634,0.9273053854695711,-3.0,84.49905482041582,69.0265486725667,0.004589398719580841,1.74538922906072,3.5678706735404377,0.8860933053293037,2.44539986422982,0,0,0.21529030138193817,1,0
2.6161085691123342,0.9418527549340157,-3.0,58.490566037735945,43.7681159420291,0.003273105752814315,5.044152121709885,7.027424281249568,0.47785153729032914,1.4582778907077214,0,0,0.8240155157985828,1,1
2.058734396063785,0.9413820126730268,-3.0,58.490566037735526,42.77620396600583,0.003195224077087632,-0.7820651822580658,3.894697275737781,0.3514811455851377,1.4720660415749653,0,0,-0.13049955365450464,1,1
-2.1115870993369588,0.9324894641230842,-3.0,30.410958904109535,39.72125435540047,0.0036614645858343104,-5.7729957856495275,-4.83721517166282,0.9036864632376884,1.1435292558478563,0,0,-0.8662587459709948,-1,1
2.231044715996454,0.9363889136654475,-3.0,60.98265895953732,51.26760563380263,0.0031687607239718847,3.991861153230957,4.395116691938574,0.707754886017057,1.318385097697038,0,1,0.6757685144526405,1,1
3.0180984994789544,0.9394122516138036,-3.0,71.70329670329645,58.14696485622995,0.003250514933058705,5.0,6.8024355960005325,0.18383848422640398,1.8131773569751932,0,1,0.8264462809917351,1,1
2.145914851297171,0.9401967256294083,-3.0,64.07407407407413,39.45578231292474,0.002750779387493144,1.635881964622513,3.9499016371853486,0.023772527684864417,0.18950974336956947,0,0,0.30949118249614915,1,0
2.4523980928034295,0.9420508724370413,-3.0,68.2835820895525,35.58282208588989,0.002671126179785596,3.0725119193612045,4.8623481690654895,-0.13020022655848554,0.290879615557196,0,0,0.5949538986314885,1,0
2.0370373806432815,0.9427794518989272,-3.0,61.92307692307712,26.351351351350914,0.0024491627068054782,1.9457764384810616,2.6691009040254356,-0.4483895330586463,0.8239860101332669,0,0,0.4035684464997744,1,0
2.0063777161009475,0.9466981876651668,-3.0,72.22222222222233,33.52272727272667,0.002644485926576624,5.102783294361416,5.831311584334889,-0.46178666832300064,0.24342875592058744,1,0,0.9949716729952627,1,0
2.496545175330133,0.9510965149628903,-3.0,79.18215613382856,21.80851063829745,0.0027054894517848,7.253289544888503,10.166241341522573,-0.6543350294776092,0.30553546403869625,1,0,1.3853486170319114,1,1
2.076415436397422,0.9509042366591058,-3.0,80.07117437722397,29.29292929292913,0.0028582369191214596,-0.3165372023202053,6.8267180496524364,-0.7880886771255666,0.454780303234053,0,0,-0.05777732506496591,1,1
-2.740476664321586,0.9384754042886501,-3.0,59.23344947735182,78.42465753424659,0.0027456713417698246,-6.516986859727922,-9.874231772102258,0.24916874579806386,0.7517244331846674,1,0,-1.2312795686395586,-1,0
-2.75463054305002,0.9354045573190286,-3.0,44.285714285714256,82.03389830508476,0.002784596783057904,-5.116025924514815,-11.233768427230052,-0.2272997997812415,0.8042096877740682,1,0,-0.9575449591337954,-1,0
-2.0114999997770093,0.9366800409508167,-3.0,46.206896551724085,85.06493506493523,0.0029053831816686516,2.1266399180983626,-5.769469813763271,-0.357390371393943,1.3518151691467517,0,0,0.3836721501723877,-1,0
2.314045692010005,0.9404903530810906,-3.0,66.90476190476187,59.142857142857395,0.003448494052138697,3.0130683291461082,6.025741477915699,0.516212549695979,2.1882182710890996,0,1,0.46714237661179997,1,1
2.6280584922797,0.9436444933224932,-3.0,69.51788491446332,62.70783847980979,0.005529896280943754,11.945084405341731,12.49661866959923,0.6848534777622566,3.7063090430852443,0,0,1.2135789671609871,1,0
3.2237713627781783,0.9510018065575049,-3.0,72.11948790896147,56.80751173708943,0.0057489123679304015,12.467704877705046,18.980043685377087,0.5061279843415034,3.3912072638618316,0,0,1.2163614514834171,1,0
2.2689920669784134,0.9492637988749002,-3.0,70.71129707112972,67.59776536312827,0.0060558329106264125,-2.9405889608999587,10.483601217862224,0.36687786331182637,1.3824440965569305,0,0,-0.2742721216029273,1,0
2.2120258868107077,0.9515144251436429,-3.0,68.60986547085196,58.83905013192585,0.005989089711758378,3.8060577005744562,8.656966355660689,0.15172656530916465,0.8187743004842003,0,0,0.3585787874027075,1,0
2.008784339440964,0.9564317633559125,-3.0,77.34241908006824,47.22222222222202,0.005699628265917906,8.326140941986523,7.494066002294948,-0.47291311643519346,1.3603219049401467,0,0,0.8145770313613643,1,0
2.1281540535586227,0.9656560570020066,-3.0,86.72131147540966,40.825688073394566,0.0060443603489961206,14.541615296903274,14.091998992863864,-0.7124736437968372,2.4364672459234384,0,0,1.3393593036621416,1,0
-3.7643387609943098,0.9481565619436401,-3.0,14.518317503391927,36.533333333333616,0.0055552087884651255,-40.87477022169878,-32.91168233266321,0.565319531500055,5.12067757515059,1,0,-4.128764668858472,-1,0
-3.022346437660452,0.9438401664202853,-3.0,10.222804718217503,38.97435897435886,0.006227519192569918,-7.2932963161983935,-31.746521639940784,0.5013248638195811,3.4689738765467832,1,0,-0.6664892194959375,-1,1
-2.2414361841175996,0.9461420401258105,-3.0,18.149038461538566,46.76616915422899,0.00645302076189289,3.8938886555472436,-18.61889214512953,0.2756701498820803,1.4887544542685127,1,0,0.34307389035658514,-1,0
2.918628789195058,0.9366026481592714,-3.0,62.55707762557073,45.94594594594604,0.0021944053927399794,5.1556218537116365,4.549282118527435,0.2789502019797886,2.2337162660883525,0,1,1.1511755335241327,1,1
2.0926339394831266,0.936150060446956,-3.0,56.84647302904551,41.77777777777835,0.002569080729636971,3.6807503022348556,2.700375151117396,0.33907929646622526,1.0768871037530103,1,0,0.7268054193411599,1,1
-2.302219785222859,0.9228651870011401,-3.0,52.22551928783383,71.0144927536231,0.0030779970806625668,-5.890910234207695,-8.155097911949952,0.774796775180545,1.0868325550903328,0,0,-1.0069932024286645,-1,1
-4.197318704418251,0.8974026985461384,-3.0,23.00123001230034,59.82404692082114,0.006845903734471009,-49.312986507269216,-39.524752828018975,0.3915319114998186,6.078428063284568,0,0,-4.322991929253417,-1,1
-2.2572800501446078,0.9065739549807673,-3.0,34.859521331945984,57.97546012269913,0.008544509421702389,15.536333762069262,-17.37231858521077,0.30978069401299463,6.458737399419172,0,0,1.097974117460727,-1,0
-2.0391539005922716,0.899060500139231,-3.0,31.385485391140506,59.1639871382637,0.009446989559327074,-9.199060500139467,-7.028542640512524,-0.17618226260485076,0.6564730684701399,0,0,-0.5948584157134079,-1,1
-2.153494217456888,0.8850656361422926,-3.0,25.96153846153814,44.16058394160619,0.0024763813340967803,-4.85402625445704,-3.15194749108623,0.7627497660775037,0.5083714321700759,1,0,-1.0312043636175754,-1,1
-2.5236411590197263,0.8838675589450191,-3.0,41.83673469387727,55.17241379310345,0.0031664555696287243,-6.047083479885941,-4.528502289317021,0.6200653440880249,0.24957339689599248,0,0,-1.0516666921540678,-1,1
2.0057064203827584,0.8915119403955815,-3.0,33.91812865497067,32.41758241758218,0.0020102651839178872,5.616525224492079,4.798031851249107,0.7087289867653913,0.7149514298270871,0,0,1.396649256534438,1,1
-2.9253541695623726,0.8827157085962457,-3.0,69.13580246913546,73.11827956989251,0.0016063111871494973,-10.66295907799713,-10.878637729109187,0.13338208247847885,2.093501065798853,0,1,-3.123042407781604,-1,1
-3.0015820383432144,0.8793586119969911,-3.0,77.4774774774773,77.01149425287356,0.0018566408063125596,-5.716110927563022,-12.456767561063634,0.7883564625573835,1.3144692915888065,1,0,-1.5042397177797542,-1,1
2.479993859851564,0.8999400959349976,-3.0,49.640287769784486,36.690647482014406,0.0023573472239384655,11.208987621301503,16.45466773359444,0.6023447855743107,0.6384749262561543,0,0,2.4673872122361926,1,1
2.152183657980276,0.9005452018301304,-3.0,50.354609929077704,39.23076923076918,0.002518604408032912,1.0104906816470702,10.211611017548602,0.5896419730079436,0.43585493813924114,0,0,0.21114730661282136,1,1
-2.8294604061286712,0.8858571221414873,-3.0,43.22916666666684,54.58015267175593,0.002432478567635252,-10.421099840489433,-6.254097087339142,-0.061169903831511885,0.46896212484249994,1,0,-2.2342327376240605,-1,1
-2.5750233024149107,0.8827988464109056,-3.0,54.22885572139302,91.47982062780235,0.0020852991130401875,-6.3107873105198,-6.245492833257458,-0.26124275764935273,0.9977971445943656,0,0,-1.518058803217826,-1,1
-2.1508363671100876,0.8828639727247848,-3.0,50.27027027027063,90.73170731707273,0.0020095477102477456,0.11171360272760467,-3.909418691255405,-0.10904138674650844,0.8840626820209126,0,0,0.027632339897287417,-1,1
-2.1861713155610913,0.8815889145707312,-3.0,51.66666666666633,91.89189189189212,0.0019867487163998856,-2.1868600462275936,-4.527165265715939,-0.08894864863609599,1.0351030197318216,0,0,-0.545740474994407,-1,1
-2.0943938834168097,0.8773225847697721,-3.0,69.9481865284971,82.9918032786883,0.0024100800541211258,-11.724893614793245,-10.431734899506456,0.8256552688304118,1.1935635297467428,0,0,-2.5137597336463067,-1,0
-2.035050160145278,0.8736805967103256,-3.0,80.4511278195481,72.91666666666653,0.0023918956945877604,-4.9073543271701965,-5.909451639932922,0.9369899422810543,1.003841794715914,0,0,-1.056968624313577,-1,1
-2.5397248068098857,0.873858880477689,-3.0,64.59330143540674,74.81751824817513,0.0023042988548901775,-3.6702072980062894,-2.375618101034297,0.7620390396039328,0.6939657807142817,0,0,-0.8143090677034568,-1,1
2.1738320078224853,0.8797399114053218,-3.0,44.62809917355397,40.594059405940804,0.002438728123861228,2.4044421506109757,3.3165763238086585,0.5982236821085425,1.1497090663513165,0,1,0.5084922977122907,1,1
-2.6954879885714225,0.8736872217768679,-3.0,61.44067796610171,65.96306068601567,0.002888501059272606,-3.8452739983965785,-4.300857342190875,0.82893685574177,0.294227687435755,0,0,-0.7092732012852705,-1,0
-2.5629785741420394,0.872893461602092,-3.0,54.61538461538471,62.105263157894726,0.0029824233358264856,-1.390659807596876,-3.950871184740072,0.7190182762905389,0.6068618889550519,0,0,-0.2502472661485375,-1,0
-2.2696139010489254,0.872517691248751,-3.0,54.08560311284024,68.73315363881395,0.002971129589834632,-0.6577836133726578,-3.159141751347124,0.5904759062119717,0.3141938907036052,0,0,-0.11867230138166486,-1,0
-2.360665332515395,0.871225075421828,-3.0,58.40336134453775,75.13368983957191,0.002901055778753627,-2.2651851960965814,-3.5298917519089175,0.2690680707720689,0.4428462720639799,0,0,-0.4167226379152705,-1,0
-2.044916491818229,0.870301721896245,-3.0,46.948356807511836,64.49086161879876,0.0026307659180062263,-2.7627844769301646,-2.560677584144469,-0.21609366295009677,0.5003972415546446,0,0,-0.5509826592168434,-1,1
-2.0442807010079096,0.8687752026566198,-3.0,64.06249999999945,66.14906832298112,0.0021008403361344433,-2.911305445844391,-4.422341737670058,0.4776424389622809,0.5592160734379263,1,0,-0.6908182413868075,-1,1
-2.2682747806283627,0.8680575317376777,-3.0,53.594771241829726,59.17721518987331,0.0022312657872579204,-1.2638849365246188,-3.6619453139644973,0.31695912982841823,0.6113272199595151,1,0,-0.28678102287430657,-1,1
-2.1027030473140176,0.8687664073324848,-3.0,11.309523809524222,39.25925925925892,0.0014355144395864175,-1.6887139038685746,-2.433280821911558,0.9354768946052904,0.5061827349948013,1,0,-0.5300895662367734,-1,0
-2.0691409529474614,0.8675130984049879,-3.0,23.868312757201508,31.94444444444467,0.002142341480793945,-1.8649738031897414,-3.5472591688833743,0.657048435067663,0.8786248445157133,0,0,-0.4373472905302556,-1,0
-3.145031137182099,0.8645418454542059,-3.0,30.851063829787066,55.445544554455545,0.0018009968964544537,-6.9175299354531035,-5.7235059870905385,0.2572788331593268,0.7774997298038792,0,0,-1.851728854614583,-1,0
-2.887444507114065,0.8630969327151081,-3.0,41.9753086419755,69.23076923076931,0.001729323308270685,-2.5386974241318967,-5.875125792206108,-0.12331900088767826,2.2264198742815524,0,0,-0.6996410223985517,-1,1
-2.033441666431694,0.8639999970929061,-3.0,50.79365079365068,71.6738197424889,0.001763668430335114,1.5904000040698065,-2.679839986743673,-0.20926888310637815,1.0778618721589948,0,0,0.43150387707320026,-1,0
-2.189547852159315,0.8595534414505633,-3.0,21.673003802281585,60.88560885608826,0.002242618244997802,-3.8050622270461645,-6.29191068829,-0.06630872572351403,2.9647540285949034,0,1,-0.8661930272950554,-1,0
2.3955844368484116,0.8583182947283885,-3.0,42.10526315789434,38.81019830028361,0.0024810055341900213,5.636564404152978,4.828063501836596,0.7504244818541164,0.4979228046667563,0,0,1.1795500995237984,1,0
2.3760164968961432,0.8591311132165615,-3.0,51.31578947368453,43.10776942355891,0.0026281516738655593,4.223829343439547,3.9356893853152544,0.733184395471348,0.35614410529533863,0,0,0.8435607818566923,1,0
2.243270411167831,0.8597794224342583,-3.0,50.33557046979836,42.079207920792314,0.0026224756918474044,3.3018455957039805,2.484501465680205,0.5770924509461768,0.42261301146809793,0,0,0.6594270804544357,1,0
2.9237494553996672,0.8625859453170579,-3.0,56.21301775147974,37.292161520190014,0.0026557015906205593,4.987757835951243,5.956464863292785,0.19289172551309997,2.5655146955944477,0,0,0.9848887123175957,1,1
2.2750250875548272,0.8643207475037874,-3.0,69.8224852071009,36.24999999999988,0.0023814184119527694,5.828133905279856,5.848939198974358,0.03116490572961766,0.2923187201886489,0,0,1.2533621301677085,1,1
-2.2956445766207976,0.8539711162950979,-3.0,25.670498084290386,56.043956043955305,0.0024588391270415973,-4.116823106963693,-6.72273284931739,0.39101720655323174,0.9535934050358619,1,0,-0.8693140799018334,-1,1
-2.155759010203065,0.8531960411665548,-3.0,24.907063197025266,35.29411764705944,0.0025296539508766662,-1.3789275217836803,-5.272676117186893,0.48074987592019,0.2739867659222498,0,0,-0.28515487895083474,-1,1
-2.068667065408907,0.8506191580629248,-3.0,50.0,70.00000000000009,0.0016138594295500935,-3.629876168387682,-3.895681073869355,0.1795232593966376,2.670893961308889,0,0,-1.0521380198225174,-1,1
-2.345830525830594,0.847590742614055,-3.0,29.885057471264474,56.41025641025636,0.0017727143802590524,-5.344640193240593,-4.694217782273881,0.5838511921033589,1.172744119041316,0,1,-1.4529118971916177,-1,1
2.0697802967386347,0.8566370658093331,-3.0,54.82625482625481,40.99616858237596,0.002778793075978678,1.6143362934190009,5.392106331815421,0.4264135503693313,0.6678938826969246,0,0,0.30833162493677974,1,1
-2.183848730284951,0.8444943912543474,-3.0,20.0,47.5,0.0023806355964418936,-5.191370834522559,-5.8335730780208905,0.5652781325971581,5.945374897377612,0,1,-1.133840743889476,-1,1
-2.2134709570001836,0.8460721904435337,-3.0,48.692810457516416,54.56475583864108,0.0028207281063386386,-2.0693205905120067,-5.313588121801513,0.8349609636126339,0.6585362220986575,0,0,-0.3925540415605411,-1,0
-2.131305112592393,0.8449603800176656,-3.0,48.00000000000008,58.546168958742626,0.0029864125306661724,-2.858912836038826,-2.548215213237654,0.7537464180132093,1.4949948397502777,0,0,-0.5177849897094886,-1,0
-2.848381028916606,0.8415020969342671,-3.0,47.70642201834865,62.831858407079544,0.002956120964847678,-6.1965619525253715,-6.6865936720114405,0.6333785830379218,2.330208621930217,0,0,-1.1325309051612897,-1,1
-2.330553000367146,0.8412972137396078,-3.0,57.14285714285727,68.12977099236622,0.0027298144859636718,-0.3682594427477852,-5.344267678621509,0.523173030849737,0.425059782363485,0,0,-0.07180546237421956,-1,1
-2.7034884575177145,0.8415759601089822,-3.0,52.2167487684732,71.57894736842091,0.002903104774411421,-4.915842403989245,-4.380000000000064,0.6596159263277245,1.2711521876246992,0,0,-0.9067429994183024,-1,0
-2.5903715769192583,0.8408689920038245,-3.0,53.365384615384954,74.03846153846132,0.0028665105386416986,-1.2793890688146803,-4.335807239689575,0.40097690681597936,0.5963102920765497,0,0,-0.23818413515166836,-1,1
-3.514454589416527,0.8357472188675593,-3.0,46.18834080717525,68.05555555555506,0.0025178641759973225,-10.103851360374165,-10.184430692902378,-0.18481136161058764,2.323903857845998,0,0,-2.0894227333122197,-1,1
-2.306537570672791,0.8368120367743042,-3.0,46.636771300448395,63.430420711973895,0.0025364527169581597,1.940986480903348,-5.595027998865044,-0.27705197117111313,0.48742901264916816,0,0,0.39902805774811506,-1,1
-2.0293156483829207,0.8340868290603544,-3.0,65.46762589928056,73.03921568627514,0.0020757339702027118,-3.1861212675235038,-2.3424413261555856,0.4513860658229658,1.1922457488709268,1,0,-0.7624905597492174,-1,1
2.218031005745114,0.8407927281579793,-3.0,43.60189573459696,35.27696793002917,0.002623677638409514,3.0746160029214025,6.6238612415689655,0.5548218532900256,0.32151497514908767,0,0,0.6140459920242466,1,0
2.4849596483861953,0.8473897725806455,-3.0,47.67932489451495,36.52173913043476,0.0027789753875569474,5.203213408709416,4.231084658870896,0.2558000440438516,1.6255081000417408,0,0,0.9937924655106636,1,0
2.9008828672721365,0.8499387653412968,-3.0,59.2436974789919,30.029154518950335,0.002801945925718032,4.584871407216724,6.361845688660059,-0.2120695334569018,1.0263531579126077,0,0,0.8685818633428155,1,1
2.505425990993032,0.850690574634139,-3.0,65.17857142857142,34.33333333333319,0.002801028758475571,1.3506905746339726,5.555685002107248,-0.4090486641909244,0.5137871821378674,0,0,0.2558818409320108,1,1
2.2952037673100962,0.8516701023464367,-3.0,62.61682242990631,30.379746835442845,0.0026377080001122365,1.7588412353966305,5.09634638891639,-0.5360114923617882,0.21443769258733117,0,0,0.34976956385728514,1,1
-2.0468186462605718,0.8417640907244155,-3.0,32.81733746130007,60.11235955056169,0.002543464565448391,-2.38793840825997,-3.7862784897494293,0.14151751882345165,1.88911014814925,0,1,-0.4909124481004317,-1,0
-2.4266320946283217,0.8334717911120949,-3.0,66.48648648648624,82.14285714285714,0.0019886093972473185,-4.300415373336136,-5.340598137604184,0.6078413063285582,0.6813242859677132,0,0,-1.0770271060233423,-1,1
-2.414241960974188,0.8330659894046106,-3.0,65.16853932584235,82.39436619718316,0.001840135828582852,-0.7327451766902868,-4.005458272108944,0.2649205685094873,0.8911462604117216,0,1,-0.19428849381939106,-1,1
-2.0068951894891907,0.8335716713511494,-3.0,73.21428571428501,67.67676767676778,0.0016212344003317918,-4.234715693836733,-3.4313013255773512,0.8168182283714199,1.3814315647877486,0,0,-1.2249177626800445,-1,1
2.142397213114374,0.8383448230472057,-3.0,69.38775510204046,56.541019955654285,0.0025901377332769194,2.7108965267593703,2.692777913423106,0.8306741028100706,0.5298564635713788,1,0,0.5492409750308427,1,0
2.4915207795511516,0.8395751469790353,-3.0,64.50381679389312,52.68595041322332,0.002682630672351972,2.2299607054994794,3.463867875995129,0.6632754257862972,0.2814208368376787,1,0,0.4397105616477832,1,0
2.078403932212793,0.8395580111020292,-3.0,66.05839416058367,53.73737373737383,0.002806189598766606,-0.030983425534714115,2.358148066422791,0.37127467314327245,0.7356247270111251,0,0,-0.0058855896538127,1,0
2.1237076793870293,0.8417381635356447,-3.0,59.9290780141843,43.37078651685376,0.0030486086319310092,2.469045121989211,2.7417381635355924,0.21977708910171392,0.820132930772754,0,0,0.43810686575220426,1,0
